id	subject	topic_code	topic_name	question	optionA	optionB	optionC	optionD	answer	explanation	difficulty	tags
L11201-Q001	L11	L11201	資料基本概念與來源	資料可以分為結構化與？	高解析	非結構化	HDR	超分辨	B	選項「非結構化」最符合題意，因此為正確答案。	1	"[""Data"", ""資料可""]"
L11201-Q002	L11	L11201	資料基本概念與來源	常見資料來源不含？	企業內部系統	政府開放數據	噪聲產生器	IoT 感測器	C	選項「噪聲產生器」最符合題意，因此為正確答案。	1	"[""Data"", ""常見資""]"
L11201-Q003	L11	L11201	資料基本概念與來源	CSV 檔案常用分隔符號？	|	","	;	#	B	"選項「,」最符合題意，因此為正確答案。"	1	"[""Data"", ""CSV""]"
L11201-Q004	L11	L11201	資料基本概念與來源	關係式資料庫特徵？	僅鍵值	無結構	僅存影像	使用表格及 SQL	D	選項「使用表格及 SQL」最符合題意，因此為正確答案。	1	"[""Data"", ""關係式""]"
L11201-Q005	L11	L11201	資料基本概念與來源	API 取得資料常見傳輸格式？	JSON	BMP	MP4	DOCX	A	選項「JSON」最符合題意，因此為正確答案。	1	"[""Data"", ""API""]"
L11201-Q006	L11	L11201	資料基本概念與來源	網路爬蟲應遵守？	HDR	robots.txt	BLEU	FPS	B	選項「robots.txt」最符合題意，因此為正確答案。	1	"[""Data"", ""網路爬""]"
L11201-Q007	L11	L11201	資料基本概念與來源	IoT 資料通常屬於？	向量場	高彩度	8K 影像	時間序列	D	選項「時間序列」最符合題意，因此為正確答案。	1	"[""Data"", ""IoT""]"
L11201-Q008	L11	L11201	資料基本概念與來源	Open Data 優點？	僅限內網	必須付費	不可下載	免費且可重複使用	D	選項「免費且可重複使用」最符合題意，因此為正確答案。	1	"[""Data"", ""Ope""]"
L11201-Q009	L11	L11201	資料基本概念與來源	資料生命週期第一步？	分析	收集 (Collect)	視覺化	部署	B	選項「收集 (Collect)」最符合題意，因此為正確答案。	1	"[""Data"", ""資料生""]"
L11201-Q010	L11	L11201	資料基本概念與來源	資料質量維度之一？	完整性	亮度	對比度	色溫	A	選項「完整性」最符合題意，因此為正確答案。	1	"[""Data"", ""資料質""]"
L11201-Q011	L11	L11201	資料基本概念與來源	文件資料 (PDF) 通常屬於？	結構化	半結構化	流資料	聲音資料	B	選項「半結構化」最符合題意，因此為正確答案。	1	"[""Data"", ""文件資""]"
L11201-Q012	L11	L11201	資料基本概念與來源	資料湖 (Data Lake) 優勢？	可儲存原始多格式	只存結構化	無 Metadata	只能小檔案	A	選項「可儲存原始多格式」最符合題意，因此為正確答案。	1	"[""Data"", ""資料湖""]"
L11201-Q013	L11	L11201	資料基本概念與來源	MySQL 屬於？	關係式資料庫	文件型 NoSQL	圖資料庫	TimeSeriesDB	A	選項「關係式資料庫」最符合題意，因此為正確答案。	1	"[""Data"", ""MyS""]"
L11201-Q014	L11	L11201	資料基本概念與來源	ETL 流程 T 代表？	觸發 (Trigger)	傳輸 (Transfer)	轉換 (Transform)	測試 (Test)	C	選項「轉換 (Transform)」最符合題意，因此為正確答案。	1	"[""Data"", ""ETL""]"
L11201-Q015	L11	L11201	資料基本概念與來源	資料蒐集前必須確認？	GPU 型號	目的合法性	螢幕大小	HDR 等級	B	選項「目的合法性」最符合題意，因此為正確答案。	1	"[""Data"", ""資料蒐""]"
L11201-Q016	L11	L11201	資料基本概念與來源	Sensor 量測誤差需？	增亮度	校正平滑	改解析度	提升 FPS	B	選項「校正平滑」最符合題意，因此為正確答案。	1	"[""Data"", ""Sen""]"
L11201-Q017	L11	L11201	資料基本概念與來源	資料稀疏 (Sparse) 常見於？	PCM 音訊	4K 影像	推薦系統矩陣	PNG alpha	C	選項「推薦系統矩陣」最符合題意，因此為正確答案。	1	"[""Data"", ""資料稀""]"
L11201-Q018	L11	L11201	資料基本概念與來源	資料欄位型別錯誤屬於？	風險問題	成本問題	性能問題	品質問題	D	選項「品質問題」最符合題意，因此為正確答案。	1	"[""Data"", ""資料欄""]"
L11201-Q019	L11	L11201	資料基本概念與來源	JSON 屬於？	字體檔	影像壓縮	音訊格式	輕量級資料交換格式	D	選項「輕量級資料交換格式」最符合題意，因此為正確答案。	1	"[""Data"", ""JSO""]"
L11201-Q020	L11	L11201	資料基本概念與來源	標註品質直接影響？	FPS	BLEU	模型準確度	DPI	C	選項「模型準確度」最符合題意，因此為正確答案。	1	"[""Data"", ""標註品""]"
L11201-Q021	L11	L11201	資料基本概念與來源	蒐集醫療資料需符合？	MIT	DMCA	MPL	HIPAA	D	選項「HIPAA」最符合題意，因此為正確答案。	1	"[""Data"", ""蒐集醫""]"
L11201-Q022	L11	L11201	資料基本概念與來源	資料取得速度快量小稱？	Zettabyte	大數據	Petabyte	小批量資料	D	選項「小批量資料」最符合題意，因此為正確答案。	1	"[""Data"", ""資料取""]"
L11201-Q023	L11	L11201	資料基本概念與來源	ETL 與 ELT 差異在？	資料格式	轉換階段位置	硬體平台	可視化方式	B	選項「轉換階段位置」最符合題意，因此為正確答案。	2	"[""Data"", ""ETL""]"
L11201-Q024	L11	L11201	資料基本概念與來源	資料管道 Pipeline 中 'sink' 指？	資料來源	輸出目的地	轉換邏輯	快取層	B	選項「輸出目的地」最符合題意，因此為正確答案。	2	"[""Data"", ""資料管""]"
L11201-Q025	L11	L11201	資料基本概念與來源	NoSQL 適合儲存鍵值對的系統？	Redis	PostgreSQL	Oracle	MariaDB	A	選項「Redis」最符合題意，因此為正確答案。	2	"[""Data"", ""NoS""]"
L11201-Q026	L11	L11201	資料基本概念與來源	Kafka 中資料主題單位稱？	Chunk	Table	Topic	Block	C	選項「Topic」最符合題意，因此為正確答案。	2	"[""Data"", ""Kaf""]"
L11201-Q027	L11	L11201	資料基本概念與來源	Data Lineage 用於？	GPU 監控	增加 HDR	追溯來源與變更	DNS 更新	C	選項「追溯來源與變更」最符合題意，因此為正確答案。	2	"[""Data"", ""Dat""]"
L11201-Q028	L11	L11201	資料基本概念與來源	資料匿名化技術 k-Anonymity，k 越大？	資料遺失	無影響	容易重識別	重識別難度越高	D	選項「重識別難度越高」最符合題意，因此為正確答案。	2	"[""Data"", ""資料匿""]"
L11201-Q029	L11	L11201	資料基本概念與來源	資料倉儲星型 (Star) 架構中心表？	維度表	事實表 (Fact)	索引表	日誌表	B	選項「事實表 (Fact)」最符合題意，因此為正確答案。	2	"[""Data"", ""資料倉""]"
L11201-Q030	L11	L11201	資料基本概念與來源	差分隱私 ε 值越小？	GPU 越快	隱私保護越弱	隱私保護越強	PSNR 越高	C	選項「隱私保護越強」最符合題意，因此為正確答案。	2	"[""Data"", ""差分隱""]"
L11201-Q031	L11	L11201	資料基本概念與來源	半結構化日誌常見格式？	TIFF	MP3	JSON Lines	CSV	C	選項「JSON Lines」最符合題意，因此為正確答案。	2	"[""Data"", ""半結構""]"
L11201-Q032	L11	L11201	資料基本概念與來源	Data Catalog 功能？	重刷 DNS	提升解析度	GPU 超頻	搜尋元資料及血統	D	選項「搜尋元資料及血統」最符合題意，因此為正確答案。	2	"[""Data"", ""Dat""]"
L11201-Q033	L11	L11201	資料基本概念與來源	Message Queue 可平滑？	高峰流量	亮度曲線	HDR	色域	A	選項「高峰流量」最符合題意，因此為正確答案。	2	"[""Data"", ""Mes""]"
L11201-Q034	L11	L11201	資料基本概念與來源	Log 資料屬於？	半結構化	結構化	影像	音訊	A	選項「半結構化」最符合題意，因此為正確答案。	2	"[""Data"", ""Log""]"
L11201-Q035	L11	L11201	資料基本概念與來源	DataOps 目標？	提升 HDR	降低 PSNR	加速交付並保證品質	增加 VRAM	C	選項「加速交付並保證品質」最符合題意，因此為正確答案。	2	"[""Data"", ""Dat""]"
L11201-Q036	L11	L11201	資料基本概念與來源	公共雲存儲資料安全措施？	加密與權控	關閉 https	禁用 ACL	移除備份	A	選項「加密與權控」最符合題意，因此為正確答案。	2	"[""Data"", ""公共雲""]"
L11201-Q037	L11	L11201	資料基本概念與來源	資料來源信賴度 Gold/Silver/Bronze 屬於？	GPU 型號	HDR 等級	rating 分級	色彩深度	C	選項「rating 分級」最符合題意，因此為正確答案。	2	"[""Data"", ""資料來""]"
L11201-Q038	L11	L11201	資料基本概念與來源	Streaming 處理框架？	Apache Flink	PowerPoint	Jupyter	GIMP	A	選項「Apache Flink」最符合題意，因此為正確答案。	2	"[""Data"", ""Str""]"
L11201-Q039	L11	L11201	資料基本概念與來源	ENCODING='utf-8' 作用？	加密檔案	正確解碼文字	提升 FPS	壓縮圖片	B	選項「正確解碼文字」最符合題意，因此為正確答案。	2	"[""Data"", ""ENC""]"
L11201-Q040	L11	L11201	資料基本概念與來源	資料清理 Outlier Removal 技術？	FOV	HDR	DPI	IQR / Z-score	D	選項「IQR / Z-score」最符合題意，因此為正確答案。	2	"[""Data"", ""資料清""]"
L11201-Q041	L11	L11201	資料基本概念與來源	OLAP 操作 'Pivot' 作用？	加密	壓縮資料	旋轉維度分析	降解析度	C	選項「旋轉維度分析」最符合題意，因此為正確答案。	2	"[""Data"", ""OLA""]"
L11201-Q042	L11	L11201	資料基本概念與來源	Data Steward 主要關注？	PSNR	GPU 監控	DNS TTL	品質與標準	D	選項「品質與標準」最符合題意，因此為正確答案。	2	"[""Data"", ""Dat""]"
L11201-Q043	L11	L11201	資料基本概念與來源	ETL 調度常用開源工具？	Apache Airflow	VLC	WinZip	AutoCAD	A	選項「Apache Airflow」最符合題意，因此為正確答案。	2	"[""Data"", ""ETL""]"
L11201-Q044	L11	L11201	資料基本概念與來源	資料孤島導致？	難整合共享	GPU 過熱	HDR 減	TCP 全開	A	選項「難整合共享」最符合題意，因此為正確答案。	2	"[""Data"", ""資料孤""]"
L11201-Q045	L11	L11201	資料基本概念與來源	公開資料需先？	加 HDR	升級 BIOS	關閉防火牆	脫敏與審查	D	選項「脫敏與審查」最符合題意，因此為正確答案。	2	"[""Data"", ""公開資""]"
L11201-Q046	L11	L11201	資料基本概念與來源	Schema Evolution 指？	GPU 頻率變動	資料結構變動兼容挑戰	HDR 偏移	DNS 泄漏	B	選項「資料結構變動兼容挑戰」最符合題意，因此為正確答案。	3	"[""Data"", ""Sch""]"
L11201-Q047	L11	L11201	資料基本概念與來源	CDC (Change Data Capture) 用於？	提升 HDR	壓縮影像	即時捕捉資料變更	重編碼 FPS	C	選項「即時捕捉資料變更」最符合題意，因此為正確答案。	3	"[""Data"", ""CDC""]"
L11201-Q048	L11	L11201	資料基本概念與來源	Data Sovereignty 涉及？	GPU 供電	螢幕色域	資料存放地法規限制	HDR10	C	選項「資料存放地法規限制」最符合題意，因此為正確答案。	3	"[""Data"", ""Dat""]"
L11201-Q049	L11	L11201	資料基本概念與來源	Zero?Copy Ingestion 優勢？	避免重複儲存與搬移	提高亮度	加速 GPU	HDR 疊圖	A	選項「避免重複儲存與搬移」最符合題意，因此為正確答案。	3	"[""Data"", ""Zer""]"
L11201-Q050	L11	L11201	資料基本概念與來源	差分隱私組合定理說明？	JPEG 疊代	多次查詢隱私耗損累加	PSNR 疊加	FPS 漂移	B	選項「多次查詢隱私耗損累加」最符合題意，因此為正確答案。	3	"[""Data"", ""差分隱""]"
L11201-Q051	L11	L11201	資料基本概念與來源	Data Mesh 核心概念？	單一倉儲	集中資料湖	去中心資料產品架構	GPU Pool	C	選項「去中心資料產品架構」最符合題意，因此為正確答案。	3	"[""Data"", ""Dat""]"
L11201-Q052	L11	L11201	資料基本概念與來源	Fully Homomorphic Encryption 特點？	無延遲	不可查詢	加密狀態下可運算	GPU 零功耗	C	選項「加密狀態下可運算」最符合題意，因此為正確答案。	3	"[""Data"", ""Ful""]"
L11201-Q053	L11	L11201	資料基本概念與來源	Shadow Data Risk 指？	未監控的資料副本	暗角	HDR 漏光	LCD 漏液	A	選項「未監控的資料副本」最符合題意，因此為正確答案。	3	"[""Data"", ""Sha""]"
L11201-Q054	L11	L11201	資料基本概念與來源	Critical Data Element(CDE) 用途？	聚焦治理關鍵欄位	增亮度	降噪點	加 VRAM	A	選項「聚焦治理關鍵欄位」最符合題意，因此為正確答案。	3	"[""Data"", ""Cri""]"
L11201-Q055	L11	L11201	資料基本概念與來源	Data Leakage 在 ML pipeline 代表？	HDR 過飽和	JPEG 偏色	使用未來資訊造成洩漏	DNS 失敗	C	選項「使用未來資訊造成洩漏」最符合題意，因此為正確答案。	3	"[""Data"", ""Dat""]"
L11201-Q056	L11	L11201	資料基本概念與來源	Data Residency 與 Localization 差異？	GPU 溫度	存放 vs 處理要求	HDR 對比	BLEU 分數	B	選項「存放 vs 處理要求」最符合題意，因此為正確答案。	3	"[""Data"", ""Dat""]"
L11201-Q057	L11	L11201	資料基本概念與來源	Synthetic Data 風險？	HDR 1000	提升 FPS	延遲 0	可能引入偏差或洩漏	D	選項「可能引入偏差或洩漏」最符合題意，因此為正確答案。	3	"[""Data"", ""Syn""]"
L11201-Q058	L11	L11201	資料基本概念與來源	GraphQL 資料查詢優點？	精確欄位避免過取	增加 HDR	減少 Token	GPU 超頻	A	選項「精確欄位避免過取」最符合題意，因此為正確答案。	3	"[""Data"", ""Gra""]"
L11201-Q059	L11	L11201	資料基本概念與來源	Data Contract 通常不包含？	品質規範	欄位定義	螢幕型號	SLA	C	選項「螢幕型號」最符合題意，因此為正確答案。	3	"[""Data"", ""Dat""]"
L11201-Q060	L11	L11201	資料基本概念與來源	GeoJSON 主要用於？	字體點陣	音訊壓縮	影像濾波	地理空間資料	D	選項「地理空間資料」最符合題意，因此為正確答案。	3	"[""Data"", ""Geo""]"
L11201-Q061	L11	L11201	資料基本概念與來源	Data Provenance 可用區塊鏈驗證？	JPEG 清晰	提高 FPS	HDR 對比	資料不可竄改	D	選項「資料不可竄改」最符合題意，因此為正確答案。	3	"[""Data"", ""Dat""]"
L11201-Q062	L11	L11201	資料基本概念與來源	MDM 解決？	GPU 過熱	跨系統主資料一致	HDR 閃爍	DNS 錯位	B	選項「跨系統主資料一致」最符合題意，因此為正確答案。	3	"[""Data"", ""MDM""]"
L11201-Q063	L11	L11201	資料基本概念與來源	Data Quality Scorecard 目的？	量化 FPS	量化亮度	量化 HDR	量化品質維度	D	選項「量化品質維度」最符合題意，因此為正確答案。	3	"[""Data"", ""Dat""]"
L11201-Q064	L11	L11201	資料基本概念與來源	向量檢索距離選擇需考慮？	資料分布與維度	螢幕大小	GPU 風扇	DNS MX	A	選項「資料分布與維度」最符合題意，因此為正確答案。	3	"[""Data"", ""向量檢""]"
L11201-Q065	L11	L11201	資料基本概念與來源	Faker Library 產生假資料用途？	測試與填充	HDR 增亮	DPI 放大	BLEU 轉換	A	選項「測試與填充」最符合題意，因此為正確答案。	3	"[""Data"", ""Fak""]"
L11201-Q066	L11	L11201	資料基本概念與來源	Data Marketplace 風險？	GPU 零件	合法性與品質不明	HDR 映射	FPS 不穩	B	選項「合法性與品質不明」最符合題意，因此為正確答案。	3	"[""Data"", ""Dat""]"
L11201-Q067	L11	L11201	資料基本概念與來源	Secure MPC 成本主要？	PSNR	通信與計算開銷	HDR	BLEU	B	選項「通信與計算開銷」最符合題意，因此為正確答案。	3	"[""Data"", ""Sec""]"
L11202-Q001	L11	L11202	資料整理與分析流程	ETL 流程的 T 步驟指？	Transform	Transmit	Terminate	Test	A	選項「Transform」最符合題意，因此正確。	1	"[""L11202"", ""ETL""]"
L11202-Q002	L11	L11202	資料整理與分析流程	資料清洗首要步驟？	加HDR	辨識缺失值	GPU超頻	DNS刷新	B	選項「辨識缺失值」最符合題意，因此正確。	1	"[""L11202"", ""資料清""]"
L11202-Q003	L11	L11202	資料整理與分析流程	刪除重複列屬於？	可視化	收集	清理	部署	C	選項「清理」最符合題意，因此正確。	1	"[""L11202"", ""刪除重""]"
L11202-Q004	L11	L11202	資料整理與分析流程	統計描述分析不含？	FFT	平均	中位數	標準差	A	選項「FFT」最符合題意，因此正確。	1	"[""L11202"", ""統計描""]"
L11202-Q005	L11	L11202	資料整理與分析流程	資料分群常用演算法？	SVM	K?Means	Linear Regression	Apriori	B	選項「K?Means」最符合題意，因此正確。	1	"[""L11202"", ""資料分""]"
L11202-Q006	L11	L11202	資料整理與分析流程	Box Plot 用於？	頻譜分析	色彩分佈	HDR強度	識別離群值	D	選項「識別離群值」最符合題意，因此正確。	1	"[""L11202"", ""Box""]"
L11202-Q007	L11	L11202	資料整理與分析流程	交叉驗證目的？	減噪點	升解析度	評估模型泛化	增光源	C	選項「評估模型泛化」最符合題意，因此正確。	1	"[""L11202"", ""交叉驗""]"
L11202-Q008	L11	L11202	資料整理與分析流程	資料正規化常見方法？	DPI	Gamma	Tone Map	Min?Max	D	選項「Min?Max」最符合題意，因此正確。	1	"[""L11202"", ""資料正""]"
L11202-Q009	L11	L11202	資料整理與分析流程	Pandas 函式 head() 功能？	轉置	查看前幾列	繪圖	壓縮	B	選項「查看前幾列」最符合題意，因此正確。	1	"[""L11202"", ""Pan""]"
L11202-Q010	L11	L11202	資料整理與分析流程	資料流批次處理差異？	延遲與規模	HDR 與 Gamma	DPI 與 PPI	GPU 與 CPU	A	選項「延遲與規模」最符合題意，因此正確。	1	"[""L11202"", ""資料流""]"
L11202-Q011	L11	L11202	資料整理與分析流程	特徵工程目的？	增加VRAM	增加亮度	降低溫度	提升模型效果	D	選項「提升模型效果」最符合題意，因此正確。	1	"[""L11202"", ""特徵工""]"
L11202-Q012	L11	L11202	資料整理與分析流程	處理類別型特徵常用？	FFT	One?Hot Encoding	HDR	JPEG	B	選項「One?Hot Encoding」最符合題意，因此正確。	1	"[""L11202"", ""處理類""]"
L11202-Q014	L11	L11202	資料整理與分析流程	資料視覺化條形圖適用？	時間序列趨勢	相關係數	類別比較	分佈密度	C	選項「類別比較」最符合題意，因此正確。	1	"[""L11202"", ""資料視""]"
L11202-Q015	L11	L11202	資料整理與分析流程	SQL 分組聚合函式？	GROUP BY	ORDER BY	JOIN	UNION	A	選項「GROUP BY」最符合題意，因此正確。	1	"[""L11202"", ""SQL""]"
L11202-Q016	L11	L11202	資料整理與分析流程	資料流 Apache Spark 組件？	GDB	Tensorboard	Eclipse	Structured Streaming	D	選項「Structured Streaming」最符合題意，因此正確。	1	"[""L11202"", ""資料流""]"
L11202-Q017	L11	L11202	資料整理與分析流程	資料基準化可消除？	量綱差異	HDR	JPEG噪聲	DNS延遲	A	選項「量綱差異」最符合題意，因此正確。	1	"[""L11202"", ""資料基""]"
L11202-Q018	L11	L11202	資料整理與分析流程	缺失值插補法之一？	GPU填充	HDR 插值	均值填補	Token增	C	選項「均值填補」最符合題意，因此正確。	1	"[""L11202"", ""缺失值""]"
L11202-Q019	L11	L11202	資料整理與分析流程	主成分分析 (PCA) 目的是？	回歸	分類	分群	降維	D	選項「降維」最符合題意，因此正確。	1	"[""L11202"", ""主成分""]"
L11202-Q020	L11	L11202	資料整理與分析流程	Z?Score >3 通常為？	中位數	離群點	峰值	趨勢	B	選項「離群點」最符合題意，因此正確。	1	"[""L11202"", ""ZSc""]"
L11202-Q021	L11	L11202	資料整理與分析流程	使用 Matplotlib plt.plot 可？	壓縮	加密	傳輸	畫折線圖	D	選項「畫折線圖」最符合題意，因此正確。	1	"[""L11202"", ""使用M""]"
L11202-Q022	L11	L11202	資料整理與分析流程	資料快取 (Cache) 目的？	提高HDR	加速存取	增加分辨率	減BLEU	B	選項「加速存取」最符合題意，因此正確。	1	"[""L11202"", ""資料快""]"
L11202-Q023	L11	L11202	資料整理與分析流程	ELT 流行原因？	雲端儲存與計算便宜	HDR普及	GPU降價	DNS加速	A	選項「雲端儲存與計算便宜」最符合題意，因此正確。	2	"[""L11202"", ""ELT""]"
L11202-Q024	L11	L11202	資料整理與分析流程	DataFrame merge 用於？	合併資料表	壓縮	加密	轉向量	A	選項「合併資料表」最符合題意，因此正確。	2	"[""L11202"", ""Dat""]"
L11202-Q025	L11	L11202	資料整理與分析流程	Airflow DAG 排程使用？	HDR	JPEG	CRON 或觸發條件	DNS	C	選項「CRON 或觸發條件」最符合題意，因此正確。	2	"[""L11202"", ""Air""]"
L11202-Q026	L11	L11202	資料整理與分析流程	Lambda 架構含 batch +？	GPU layer	HDR layer	speed layer	DNS layer	C	選項「speed layer」最符合題意，因此正確。	2	"[""L11202"", ""Lam""]"
L11202-Q027	L11	L11202	資料整理與分析流程	資料分桶 (Bucketing) 可？	增BLEU	提升查詢效率	增HDR	降解析	B	選項「提升查詢效率」最符合題意，因此正確。	2	"[""L11202"", ""資料分""]"
L11202-Q028	L11	L11202	資料整理與分析流程	AutoML 流程自動化？	GPU升頻	模型選參調參	HDR優化	DNS同步	B	選項「模型選參調參」最符合題意，因此正確。	2	"[""L11202"", ""Aut""]"
L11202-Q029	L11	L11202	資料整理與分析流程	Spark DataFrame filter 會？	改IP	重啟叢集	加密檔案	回傳符合條件列	D	選項「回傳符合條件列」最符合題意，因此正確。	2	"[""L11202"", ""Spa""]"
L11202-Q030	L11	L11202	資料整理與分析流程	滑動窗口特徵常用於？	詞嵌入	影像分割	時間序列	向量檢索	C	選項「時間序列」最符合題意，因此正確。	2	"[""L11202"", ""滑動窗""]"
L11202-Q031	L11	L11202	資料整理與分析流程	Stratified Sampling 目的？	增FPS	減HDR	保持類別比例	減VRAM	C	選項「保持類別比例」最符合題意，因此正確。	2	"[""L11202"", ""Str""]"
L11202-Q032	L11	L11202	資料整理與分析流程	Anomaly Detection 初始步驟？	提高亮度	定義正常行為	DNS刷新	HDR mapping	B	選項「定義正常行為」最符合題意，因此正確。	2	"[""L11202"", ""Ano""]"
L11202-Q033	L11	L11202	資料整理與分析流程	MapReduce Map 階段負責？	資料切分映射	結果聚合	視覺化	壓縮	A	選項「資料切分映射」最符合題意，因此正確。	2	"[""L11202"", ""Map""]"
L11202-Q034	L11	L11202	資料整理與分析流程	Seaborn heatmap 用途？	改編碼	增亮度	降解析	顯示相關矩陣	D	選項「顯示相關矩陣」最符合題意，因此正確。	2	"[""L11202"", ""Sea""]"
L11202-Q035	L11	L11202	資料整理與分析流程	Data Quality 'timeliness' 指？	準確度	資料時效性	完整性	一致性	B	選項「資料時效性」最符合題意，因此正確。	2	"[""L11202"", ""Dat""]"
L11202-Q036	L11	L11202	資料整理與分析流程	Kafka consumer offset 影響？	PPI	IP	HDR	讀取進度	D	選項「讀取進度」最符合題意，因此正確。	2	"[""L11202"", ""Kaf""]"
L11202-Q037	L11	L11202	資料整理與分析流程	DataOps 目標？	BLEU提高	HDR提升	加速交付並保證品質	FPS穩定	C	選項「加速交付並保證品質」最符合題意，因此正確。	2	"[""L11202"", ""Dat""]"
L11202-Q038	L11	L11202	資料整理與分析流程	ETL 工具 Talend 功能？	HDR計算	圖形化流程設計	GPU監控	DNS探勘	B	選項「圖形化流程設計」最符合題意，因此正確。	2	"[""L11202"", ""ETL""]"
L11202-Q039	L11	L11202	資料整理與分析流程	EDA 步驟包含？	可視化統計檢查	部署	監控	備援	A	選項「可視化統計檢查」最符合題意，因此正確。	2	"[""L11202"", ""EDA""]"
L11202-Q040	L11	L11202	資料整理與分析流程	Robust Scaling 用於？	ToneMapping	HDR校正	降低極端值影響	PSNR	C	選項「降低極端值影響」最符合題意，因此正確。	2	"[""L11202"", ""Rob""]"
L11202-Q041	L11	L11202	資料整理與分析流程	Time Window Join 用途？	流資料聚合	圖像增強	HDR10+	DNS Failover	A	選項「流資料聚合」最符合題意，因此正確。	2	"[""L11202"", ""Tim""]"
L11202-Q042	L11	L11202	資料整理與分析流程	ODS 位置？	DNS緩存	終端可視化	GPU Buffer	來源與倉儲之間	D	選項「來源與倉儲之間」最符合題意，因此正確。	2	"[""L11202"", ""ODS""]"
L11202-Q043	L11	L11202	資料整理與分析流程	UMAP 優點？	BLEU	HDR	FPS	速度保局部結構	D	選項「速度保局部結構」最符合題意，因此正確。	2	"[""L11202"", ""UMA""]"
L11202-Q044	L11	L11202	資料整理與分析流程	ISO-8859 亂碼原因？	解碼不符	HDR衝突	GPU過熱	DNS衝突	A	選項「解碼不符」最符合題意，因此正確。	2	"[""L11202"", ""ISO""]"
L11202-Q045	L11	L11202	資料整理與分析流程	Outlier Removal 方法？	HDR	IQR/Z-score	DPI	FFT	B	選項「IQR/Z-score」最符合題意，因此正確。	2	"[""L11202"", ""Out""]"
L11202-Q046	L11	L11202	資料整理與分析流程	Schema Evolution 問題？	HDR偏移	GPU瓶頸	資料結構變動兼容	DNS loop	C	選項「資料結構變動兼容」最符合題意，因此正確。	3	"[""L11202"", ""Sch""]"
L11202-Q047	L11	L11202	資料整理與分析流程	CDC 用途？	HDR調整	JPEG壓縮	即時捕捉變更	DNS解析	C	選項「即時捕捉變更」最符合題意，因此正確。	3	"[""L11202"", ""CDC""]"
L11202-Q048	L11	L11202	資料整理與分析流程	Data Sovereignty 涉及？	資料存放法規限制	色域	FPS	HDR10	A	選項「資料存放法規限制」最符合題意，因此正確。	3	"[""L11202"", ""Dat""]"
L11202-Q049	L11	L11202	資料整理與分析流程	Zero?Copy Ingestion 優勢？	GPU降頻	提高亮度	避免複製	HDR疊圖	C	選項「避免複製」最符合題意，因此正確。	3	"[""L11202"", ""Zer""]"
L11202-Q050	L11	L11202	資料整理與分析流程	差分隱私組合定理說明？	DPI調整	JPEG 疊代	查詢多次損耗累加	FPS增益	C	選項「查詢多次損耗累加」最符合題意，因此正確。	3	"[""L11202"", ""差分隱""]"
L11202-Q051	L11	L11202	資料整理與分析流程	Data Mesh 核心概念？	集中湖	去中心資料產品	GPU pool	HDR優化	B	選項「去中心資料產品」最符合題意，因此正確。	3	"[""L11202"", ""Dat""]"
L11202-Q052	L11	L11202	資料整理與分析流程	FHE 特點？	無延遲	不可查詢	加密狀態可運算	GPU省電	C	選項「加密狀態可運算」最符合題意，因此正確。	3	"[""L11202"", ""FHE""]"
L11202-Q053	L11	L11202	資料整理與分析流程	Shadow Data Risk 指？	暗角	未監控副本	HDR漏光	FPS下降	B	選項「未監控副本」最符合題意，因此正確。	3	"[""L11202"", ""Sha""]"
L11202-Q054	L11	L11202	資料整理與分析流程	Critical Data Element 目標？	優先治理欄位	增亮度	降噪	增GPU	A	選項「優先治理欄位」最符合題意，因此正確。	3	"[""L11202"", ""Cri""]"
L11202-Q055	L11	L11202	資料整理與分析流程	Data Leakage 定義？	使用未來資訊	JPEG偏色	HDR過飽	DNS失敗	A	選項「使用未來資訊」最符合題意，因此正確。	3	"[""L11202"", ""Dat""]"
L11202-Q056	L11	L11202	資料整理與分析流程	Data Residency vs Localization？	BLEU	GPU溫度	HDR對比	存放 vs 處理要求	D	選項「存放 vs 處理要求」最符合題意，因此正確。	3	"[""L11202"", ""Dat""]"
L11202-Q057	L11	L11202	資料整理與分析流程	Synthetic Data 風險？	引入偏差	FPS高	HDR	延遲0	A	選項「引入偏差」最符合題意，因此正確。	3	"[""L11202"", ""Syn""]"
L11202-Q058	L11	L11202	資料整理與分析流程	GraphQL 優點？	DNS快取	HDR增強	GPU超頻	精確欄位	D	選項「精確欄位」最符合題意，因此正確。	3	"[""L11202"", ""Gra""]"
L11202-Q059	L11	L11202	資料整理與分析流程	Data Contract 不含？	字段定義	螢幕型號	品質規範	SLA	B	選項「螢幕型號」最符合題意，因此正確。	3	"[""L11202"", ""Dat""]"
L11202-Q060	L11	L11202	資料整理與分析流程	GeoJSON 用途？	地理空間資料	音訊	影像	字體	A	選項「地理空間資料」最符合題意，因此正確。	3	"[""L11202"", ""Geo""]"
L11202-Q061	L11	L11202	資料整理與分析流程	Provenance 區塊鏈？	HDR對比	FPS提升	不可竄改	JPEG清晰	C	選項「不可竄改」最符合題意，因此正確。	3	"[""L11202"", ""Pro""]"
L11202-Q062	L11	L11202	資料整理與分析流程	MDM 解決？	GPU熱	主資料一致	HDR閃爍	DNS錯位	B	選項「主資料一致」最符合題意，因此正確。	3	"[""L11202"", ""MDM""]"
L11202-Q063	L11	L11202	資料整理與分析流程	Scorecard 目的？	量化FPS	量化HDR	量化品質	量化音量	C	選項「量化品質」最符合題意，因此正確。	3	"[""L11202"", ""Sco""]"
L11202-Q064	L11	L11202	資料整理與分析流程	向量檢索距離考量？	螢幕大小	分布維度影響	GPU扇葉	DNS MX	B	選項「分布維度影響」最符合題意，因此正確。	3	"[""L11202"", ""向量檢""]"
L11202-Q065	L11	L11202	資料整理與分析流程	Faker 假資料用途？	BLEU轉換	HDR增亮	DPI放大	測試填充	D	選項「測試填充」最符合題意，因此正確。	3	"[""L11202"", ""Fak""]"
L11202-Q066	L11	L11202	資料整理與分析流程	Marketplace 風險？	合法性品質不明	GPU風扇	HDR映射	FPS不穩	A	選項「合法性品質不明」最符合題意，因此正確。	3	"[""L11202"", ""Mar""]"
L11202-Q067	L11	L11202	資料整理與分析流程	Secure MPC 成本？	BLEU	PSNR	HDR	通信計算開銷	D	選項「通信計算開銷」最符合題意，因此正確。	3	"[""L11202"", ""Sec""]"
L11203-Q001	L11	L11203	資料隱私與安全	PII 全稱？	Program ID	Public Internet Info	Personally Identifiable Information	Pixel Intensity	C	選項「Personally Identifiable Information」最符合題意，因此正確。	1	"[""L11203"", ""PII""]"
L11203-Q002	L11	L11203	資料隱私與安全	加密傳輸協定？	HTTP	HTTPS	FTP	Telnet	B	選項「HTTPS」最符合題意，因此正確。	1	"[""L11203"", ""加密傳""]"
L11203-Q003	L11	L11203	資料隱私與安全	GDPR 目的？	DNS監控	提升HDR	降低DPI	保護個資	D	選項「保護個資」最符合題意，因此正確。	1	"[""L11203"", ""GDP""]"
L11203-Q004	L11	L11203	資料隱私與安全	資料遮罩目的？	增加對比	隱藏敏感欄位	GPU降溫	DNS升級	B	選項「隱藏敏感欄位」最符合題意，因此正確。	1	"[""L11203"", ""資料遮""]"
L11203-Q005	L11	L11203	資料隱私與安全	存取控制 RBAC 基於？	HDR	資料型別	角色	FPS	C	選項「角色」最符合題意，因此正確。	1	"[""L11203"", ""存取控""]"
L11203-Q006	L11	L11203	資料隱私與安全	多因素驗證不含？	OTP	密碼	指紋	螢幕尺寸	D	選項「螢幕尺寸」最符合題意，因此正確。	1	"[""L11203"", ""多因素""]"
L11203-Q007	L11	L11203	資料隱私與安全	SSL/TLS 功能？	DNS漂移	提高解析度	GPU加速	加密連線	D	選項「加密連線」最符合題意，因此正確。	1	"[""L11203"", ""SSL""]"
L11203-Q008	L11	L11203	資料隱私與安全	身份驗證與授權差異？	驗身份 vs 給權限	增亮度	降噪	加速GPU	A	選項「驗身份 vs 給權限」最符合題意，因此正確。	1	"[""L11203"", ""身份驗""]"
L11203-Q009	L11	L11203	資料隱私與安全	SOC2 Type II 重點？	HDR校驗	設計充分	運行有效性	PSNR	C	選項「運行有效性」最符合題意，因此正確。	1	"[""L11203"", ""SOC""]"
L11203-Q010	L11	L11203	資料隱私與安全	AES-256 屬於？	簽章	非對稱	雜湊	對稱加密	D	選項「對稱加密」最符合題意，因此正確。	1	"[""L11203"", ""AES""]"
L11203-Q011	L11	L11203	資料隱私與安全	資料最高分類？	公開	機密	內部	受限	B	選項「機密」最符合題意，因此正確。	1	"[""L11203"", ""資料最""]"
L11203-Q012	L11	L11203	資料隱私與安全	Hash 函式不可？	產生雜湊	逆向原文	定長輸出	快速計算	B	選項「逆向原文」最符合題意，因此正確。	1	"[""L11203"", ""Has""]"
L11203-Q013	L11	L11203	資料隱私與安全	VPN 可？	HDR校色	加密通道	DNS負載	GPU彈性	B	選項「加密通道」最符合題意，因此正確。	1	"[""L11203"", ""VPN""]"
L11203-Q014	L11	L11203	資料隱私與安全	最小權限原則英文？	LOL	PoLP	SLA	TTL	B	選項「PoLP」最符合題意，因此正確。	1	"[""L11203"", ""最小權""]"
L11203-Q015	L11	L11203	資料隱私與安全	備份 3-2-1 原則？	GPU321	HDR321	3份2媒介1異地	DPI	C	選項「3份2媒介1異地」最符合題意，因此正確。	1	"[""L11203"", ""備份3""]"
L11203-Q016	L11	L11203	資料隱私與安全	靜態資料加密名？	In Use	In Transit	At Rest	On Sale	C	選項「At Rest」最符合題意，因此正確。	1	"[""L11203"", ""靜態資""]"
L11203-Q017	L11	L11203	資料隱私與安全	IDS 功能？	偵測入侵	加速渲染	調整HDR	DNS緩存	A	選項「偵測入侵」最符合題意，因此正確。	1	"[""L11203"", ""IDS""]"
L11203-Q018	L11	L11203	資料隱私與安全	安全日誌需？	增BLEU	提升PPI	可追溯防竄改	降HDR	C	選項「可追溯防竄改」最符合題意，因此正確。	1	"[""L11203"", ""安全日""]"
L11203-Q019	L11	L11203	資料隱私與安全	滲透測試 Black Box？	無內部資訊	全資訊	部分資訊	白名單	A	選項「無內部資訊」最符合題意，因此正確。	1	"[""L11203"", ""滲透測""]"
L11203-Q020	L11	L11203	資料隱私與安全	OAuth2 用於？	GPU驅動	HDR提升	第三方授權	DNS迴圈	C	選項「第三方授權」最符合題意，因此正確。	1	"[""L11203"", ""OAu""]"
L11203-Q021	L11	L11203	資料隱私與安全	DLP 核心？	HDR 色偏	防資料外洩	CRT	DPI	B	選項「防資料外洩」最符合題意，因此正確。	1	"[""L11203"", ""DLP""]"
L11203-Q022	L11	L11203	資料隱私與安全	MFA 包含？	FPS	HDR	知識/持有/生物因子	GPU	C	選項「知識/持有/生物因子」最符合題意，因此正確。	1	"[""L11203"", ""MFA""]"
L11203-Q023	L11	L11203	資料隱私與安全	GDPR 最高罰款？	1歐	0.01	1M	4%全球營收	D	選項「4%全球營收」最符合題意，因此正確。	2	"[""L11203"", ""GDP""]"
L11203-Q024	L11	L11203	資料隱私與安全	刪除權又稱？	知情權	被遺忘權	攜帶權	拒絕權	B	選項「被遺忘權」最符合題意，因此正確。	2	"[""L11203"", ""刪除權""]"
L11203-Q025	L11	L11203	資料隱私與安全	ISO27001 控制域不含？	營運安全	存取控制	加密	影像管理	D	選項「影像管理」最符合題意，因此正確。	2	"[""L11203"", ""ISO""]"
L11203-Q026	L11	L11203	資料隱私與安全	HIPAA 保護？	PSI	PII	PCI	PHI	D	選項「PHI」最符合題意，因此正確。	2	"[""L11203"", ""HIP""]"
L11203-Q027	L11	L11203	資料隱私與安全	PCI-DSS 對象？	電子郵件	醫療影像	支付卡資料	HDR影片	C	選項「支付卡資料」最符合題意，因此正確。	2	"[""L11203"", ""PCI""]"
L11203-Q028	L11	L11203	資料隱私與安全	同態加密缺點？	無安全性	計算成本高	不用金鑰	失真	B	選項「計算成本高」最符合題意，因此正確。	2	"[""L11203"", ""同態加""]"
L11203-Q029	L11	L11203	資料隱私與安全	DP 參數 ε 小？	隱私強	隱私弱	無關	更快	A	選項「隱私強」最符合題意，因此正確。	2	"[""L11203"", ""DP參""]"
L11203-Q030	L11	L11203	資料隱私與安全	SOC2 五原則不含？	安全	解析度	隱私	可用	B	選項「解析度」最符合題意，因此正確。	2	"[""L11203"", ""SOC""]"
L11203-Q031	L11	L11203	資料隱私與安全	SHA-256 輸出長度？	256位	128	64	32	A	選項「256位」最符合題意，因此正確。	2	"[""L11203"", ""SHA""]"
L11203-Q032	L11	L11203	資料隱私與安全	OWASP Top10 第一？	Injection	XSS	CSRF	安全配置	A	選項「Injection」最符合題意，因此正確。	2	"[""L11203"", ""OWA""]"
L11203-Q033	L11	L11203	資料隱私與安全	TLS1.3 改進？	縮短握手	增HDR	GPUclock	PPI	A	選項「縮短握手」最符合題意，因此正確。	2	"[""L11203"", ""TLS""]"
L11203-Q034	L11	L11203	資料隱私與安全	零信任核心？	信任裝置	信任內網	信任IP	持續驗證	D	選項「持續驗證」最符合題意，因此正確。	2	"[""L11203"", ""零信任""]"
L11203-Q035	L11	L11203	資料隱私與安全	SAML 用於？	GPU同步	SSO	HDR對比	DNS重寫	B	選項「SSO」最符合題意，因此正確。	2	"[""L11203"", ""SAM""]"
L11203-Q036	L11	L11203	資料隱私與安全	CCPA 保障？	拒售個資	HDR校色	DPI	DNS轉	A	選項「拒售個資」最符合題意，因此正確。	2	"[""L11203"", ""CCP""]"
L11203-Q037	L11	L11203	資料隱私與安全	Biometric Spoof 防護？	活體檢測	HDR	GPU冷	FTP	A	選項「活體檢測」最符合題意，因此正確。	2	"[""L11203"", ""Bio""]"
L11203-Q038	L11	L11203	資料隱私與安全	KMS 功能？	GPU管理	集中金鑰管理	HDR管理	DNS管理	B	選項「集中金鑰管理」最符合題意，因此正確。	2	"[""L11203"", ""KMS""]"
L11203-Q039	L11	L11203	資料隱私與安全	跨境傳輸 GDPR？	不需	可隨意	禁絕	需充分保護	D	選項「需充分保護」最符合題意，因此正確。	2	"[""L11203"", ""跨境傳""]"
L11203-Q040	L11	L11203	資料隱私與安全	RSA 屬於？	雜湊	對稱	非對稱	流密碼	C	選項「非對稱」最符合題意，因此正確。	2	"[""L11203"", ""RSA""]"
L11203-Q041	L11	L11203	資料隱私與安全	DDoS 防禦策略？	流量清洗	GPU降頻	HDR降	DNS轉	A	選項「流量清洗」最符合題意，因此正確。	2	"[""L11203"", ""DDo""]"
L11203-Q042	L11	L11203	資料隱私與安全	Token 過期作用？	降竊風險	增亮度	升HDR	DPI	A	選項「降竊風險」最符合題意，因此正確。	2	"[""L11203"", ""Tok""]"
L11203-Q043	L11	L11203	資料隱私與安全	安全稽核 trail？	可壓	可刪	可改	不可竄改	D	選項「不可竄改」最符合題意，因此正確。	2	"[""L11203"", ""安全稽""]"
L11203-Q044	L11	L11203	資料隱私與安全	影像去識別？	HDR	模糊/馬賽克	增亮	PNG轉	B	選項「模糊/馬賽克」最符合題意，因此正確。	2	"[""L11203"", ""影像去""]"
L11203-Q045	L11	L11203	資料隱私與安全	least privilege 目的？	減DPI	增FPS	增HDR	減授權風險	D	選項「減授權風險」最符合題意，因此正確。	2	"[""L11203"", ""lea""]"
L11203-Q046	L11	L11203	資料隱私與安全	差分隱私組合問題？	多查詢累加	HDR疊	FPS累	GPU熱	A	選項「多查詢累加」最符合題意，因此正確。	3	"[""L11203"", ""差分隱""]"
L11203-Q047	L11	L11203	資料隱私與安全	Homomorphic Encryption 缺陷？	HDR降	無安全	運算耗時	DNS延	C	選項「運算耗時」最符合題意，因此正確。	3	"[""L11203"", ""Hom""]"
L11203-Q048	L11	L11203	資料隱私與安全	Secure MPC 成本？	BLEU	GPU耗	HDR飽	通信計算開銷	D	選項「通信計算開銷」最符合題意，因此正確。	3	"[""L11203"", ""Sec""]"
L11203-Q049	L11	L11203	資料隱私與安全	Federated Learning 風險？	GPU熱	HDR偏	梯度洩漏	DNS攻	C	選項「梯度洩漏」最符合題意，因此正確。	3	"[""L11203"", ""Fed""]"
L11203-Q050	L11	L11203	資料隱私與安全	Shadow AI 風險？	未審核模型	HDR亂	CRT損	FPS飄	A	選項「未審核模型」最符合題意，因此正確。	3	"[""L11203"", ""Sha""]"
L11203-Q051	L11	L11203	資料隱私與安全	Model Inversion 可？	DNS輪	增解析	HDR增	重建訓練數據	D	選項「重建訓練數據」最符合題意，因此正確。	3	"[""L11203"", ""Mod""]"
L11203-Q052	L11	L11203	資料隱私與安全	DPIA 需要？	DNS	HDR10	GPU	高風險活動	D	選項「高風險活動」最符合題意，因此正確。	3	"[""L11203"", ""DPI""]"
L11203-Q053	L11	L11203	資料隱私與安全	Refresh Token 被竊？	長期權限	HDR	GPU	FPS	A	選項「長期權限」最符合題意，因此正確。	3	"[""L11203"", ""Ref""]"
L11203-Q054	L11	L11203	資料隱私與安全	Zero?Knowledge Proof 用於？	DNS負荷	JPEG清晰	HDR對比	驗證不洩漏	D	選項「驗證不洩漏」最符合題意，因此正確。	3	"[""L11203"", ""Zer""]"
L11203-Q055	L11	L11203	資料隱私與安全	TEE 風險？	HDR	側信道	DNS	GPU	B	選項「側信道」最符合題意，因此正確。	3	"[""L11203"", ""TEE""]"
L11203-Q056	L11	L11203	資料隱私與安全	Watermark 目的？	DNS探	降HDR	增解析	辨識AI內容	D	選項「辨識AI內容」最符合題意，因此正確。	3	"[""L11203"", ""Wat""]"
L11203-Q057	L11	L11203	資料隱私與安全	Resilience 定義？	GPU爆	HDR添	抵禦恢復	DNS翻	C	選項「抵禦恢復」最符合題意，因此正確。	3	"[""L11203"", ""Res""]"
L11203-Q058	L11	L11203	資料隱私與安全	compliance monitor？	FPS偵	HDR校	持續審計	GPU降	C	選項「持續審計」最符合題意，因此正確。	3	"[""L11203"", ""com""]"
L11203-Q059	L11	L11203	資料隱私與安全	PETs 不含？	DP	HDR濾鏡	FHE	MPC	B	選項「HDR濾鏡」最符合題意，因此正確。	3	"[""L11203"", ""PET""]"
L11203-Q060	L11	L11203	資料隱私與安全	PPGAN 目的？	GPU光	HDR美白	臉去識別	DNS探	C	選項「臉去識別」最符合題意，因此正確。	3	"[""L11203"", ""PPG""]"
L11203-Q061	L11	L11203	資料隱私與安全	Localization 法規？	FPS翻	HDR煥	限制跨境	GPUSLI	C	選項「限制跨境」最符合題意，因此正確。	3	"[""L11203"", ""Loc""]"
L11203-Q062	L11	L11203	資料隱私與安全	K匿名 L多樣 T接近？	GPU升	遞進保護	HDR漸	DNS增	B	選項「遞進保護」最符合題意，因此正確。	3	"[""L11203"", ""K匿名""]"
L11203-Q063	L11	L11203	資料隱私與安全	Model Watermark Robustness？	抗移除攻擊	解析	FPS	HDR	A	選項「抗移除攻擊」最符合題意，因此正確。	3	"[""L11203"", ""Mod""]"
L11203-Q064	L11	L11203	資料隱私與安全	Duty of Care 強調？	合理注意義務	GPU Duty	HDR	DNS	A	選項「合理注意義務」最符合題意，因此正確。	3	"[""L11203"", ""Dut""]"
L11203-Q065	L11	L11203	資料隱私與安全	72h breach 通報？	PCI	GDPR	HIPAA	SOX	B	選項「GDPR」最符合題意，因此正確。	3	"[""L11203"", ""72h""]"
L11203-Q066	L11	L11203	資料隱私與安全	SGX 攻擊？	GPU	HDR	側信道	DNS	C	選項「側信道」最符合題意，因此正確。	3	"[""L11203"", ""SGX""]"
L11203-Q067	L11	L11203	資料隱私與安全	DLP 技術 Regex 指？	模式比對	HDR	FPS	GPU	A	選項「模式比對」最符合題意，因此正確。	3	"[""L11203"", ""DLP""]"
L11301-Q001	L11	L11301	機器學習基本原理	監督式學習需包含？	僅標籤	僅特徵	特徵與標籤	雜訊	C	選項「特徵與標籤」最符合題意，因此正確。	1	"[""ML"", ""監督式""]"
L11301-Q002	L11	L11301	機器學習基本原理	分類與回歸差異？	演算法語言	輸出型態	硬體需求	資料來源	B	選項「輸出型態」最符合題意，因此正確。	1	"[""ML"", ""分類與""]"
L11301-Q003	L11	L11301	機器學習基本原理	避免過擬合常用？	提高解析度	增加資料或正則化	GPU超頻	DNS刷新	B	選項「增加資料或正則化」最符合題意，因此正確。	1	"[""ML"", ""避免過""]"
L11301-Q004	L11	L11301	機器學習基本原理	訓練/測試集分割目的？	評估泛化能力	增亮度	降噪	提升FPS	A	選項「評估泛化能力」最符合題意，因此正確。	1	"[""ML"", ""訓練測""]"
L11301-Q005	L11	L11301	機器學習基本原理	梯度下降主要調整？	資料庫	輸入特徵	標籤	模型參數	D	選項「模型參數」最符合題意，因此正確。	1	"[""ML"", ""梯度下""]"
L11301-Q006	L11	L11301	機器學習基本原理	損失函數 (Loss) 用於？	DNS加速	增加像素	降低色溫	衡量預測誤差	D	選項「衡量預測誤差」最符合題意，因此正確。	1	"[""ML"", ""損失函""]"
L11301-Q007	L11	L11301	機器學習基本原理	KNN 分類核心？	卷積核	梯度	隱層	鄰近樣本投票	D	選項「鄰近樣本投票」最符合題意，因此正確。	1	"[""ML"", ""KNN""]"
L11301-Q008	L11	L11301	機器學習基本原理	決策樹節點分裂依據？	像素差	資訊增益/基尼	HDR	頻率域	B	選項「資訊增益/基尼」最符合題意，因此正確。	1	"[""ML"", ""決策樹""]"
L11301-Q009	L11	L11301	機器學習基本原理	正則化 L1 特色？	懲罰平方	促進稀疏	增加VRAM	減PSNR	B	選項「促進稀疏」最符合題意，因此正確。	1	"[""ML"", ""正則化""]"
L11301-Q010	L11	L11301	機器學習基本原理	交叉驗證 K-fold 中 k 大小影響？	HDR	顏色飽和	解析度	偏差與方差平衡	D	選項「偏差與方差平衡」最符合題意，因此正確。	1	"[""ML"", ""交叉驗""]"
L11301-Q011	L11	L11301	機器學習基本原理	特徵縮放必要原因？	提升收斂速度	GPU冷卻	DNS解析	增亮度	A	選項「提升收斂速度」最符合題意，因此正確。	1	"[""ML"", ""特徵縮""]"
L11301-Q012	L11	L11301	機器學習基本原理	啟動函數 ReLU 優點？	降解析	解梯度消失	HDR	DPI	B	選項「解梯度消失」最符合題意，因此正確。	1	"[""ML"", ""啟動函""]"
L11301-Q013	L11	L11301	機器學習基本原理	批次大小影響？	DNS分片	螢幕刷新	收斂穩定與速度	色彩深	C	選項「收斂穩定與速度」最符合題意，因此正確。	1	"[""ML"", ""批次大""]"
L11301-Q014	L11	L11301	機器學習基本原理	隨機種子作用？	GPU超頻	重現結果	HDR對比	降噪	B	選項「重現結果」最符合題意，因此正確。	1	"[""ML"", ""隨機種""]"
L11301-Q015	L11	L11301	機器學習基本原理	ROC 曲線衡量？	解析度	分類性能	亮度	頻寬	B	選項「分類性能」最符合題意，因此正確。	1	"[""ML"", ""ROC""]"
L11301-Q016	L11	L11301	機器學習基本原理	混淆矩陣 TP 代表？	真正例	假負例	假正例	真負例	A	選項「真正例」最符合題意，因此正確。	1	"[""ML"", ""混淆矩""]"
L11301-Q017	L11	L11301	機器學習基本原理	k-Means 聚類需指定？	學習率	群數 k	梯度	層數	B	選項「群數 k」最符合題意，因此正確。	1	"[""ML"", ""kMe""]"
L11301-Q018	L11	L11301	機器學習基本原理	PCA 主要作用？	分類	降維保留變異	聚類	回歸	B	選項「降維保留變異」最符合題意，因此正確。	1	"[""ML"", ""PCA""]"
L11301-Q019	L11	L11301	機器學習基本原理	學習率過大可能？	欠擬合	過擬合	發散	無影響	C	選項「發散」最符合題意，因此正確。	1	"[""ML"", ""學習率""]"
L11301-Q020	L11	L11301	機器學習基本原理	Early stopping 作用？	降DNS	增GPU	防過擬合	HDR調整	C	選項「防過擬合」最符合題意，因此正確。	1	"[""ML"", ""Ear""]"
L11301-Q021	L11	L11301	機器學習基本原理	SVM kernel 用途？	GPU轉碼	增加解析度	PSNR	映射高維分割	D	選項「映射高維分割」最符合題意，因此正確。	1	"[""ML"", ""SVM""]"
L11301-Q022	L11	L11301	機器學習基本原理	Accuracy 不適於？	聚類	樣本均衡	回歸	類別極不平衡	D	選項「類別極不平衡」最符合題意，因此正確。	1	"[""ML"", ""Acc""]"
L11301-Q023	L11	L11301	機器學習基本原理	Bias?Variance Tradeoff 指？	偏差與變異平衡	GPU溫度	HDR	DPI	A	選項「偏差與變異平衡」最符合題意，因此正確。	2	"[""ML"", ""Bia""]"
L11301-Q024	L11	L11301	機器學習基本原理	交叉熵用於？	升亮度	圖像壓縮	衡量分類概率差距	DNS	C	選項「衡量分類概率差距」最符合題意，因此正確。	2	"[""ML"", ""交叉熵""]"
L11301-Q025	L11	L11301	機器學習基本原理	梯度爆炸常發生於？	深層RNN	線性回歸	KNN	NB	A	選項「深層RNN」最符合題意，因此正確。	2	"[""ML"", ""梯度爆""]"
L11301-Q026	L11	L11301	機器學習基本原理	Dropout 作用？	隨機失活減過擬合	提升PSNR	GPU降壓	HDR	A	選項「隨機失活減過擬合」最符合題意，因此正確。	2	"[""ML"", ""Dro""]"
L11301-Q027	L11	L11301	機器學習基本原理	AdaBoost 加權？	正確樣本↑	錯分樣本權重↑	均衡	隨機	B	選項「錯分樣本權重↑」最符合題意，因此正確。	2	"[""ML"", ""Ada""]"
L11301-Q028	L11	L11301	機器學習基本原理	Bagging vs Boosting？	GPUvsCPU	並行vs序列	HDRvsSDR	DPIvsPPI	B	選項「並行vs序列」最符合題意，因此正確。	2	"[""ML"", ""Bag""]"
L11301-Q029	L11	L11301	機器學習基本原理	Adam 特點？	DNS	減Batch	增HDR	自適應學習率	D	選項「自適應學習率」最符合題意，因此正確。	2	"[""ML"", ""Ada""]"
L11301-Q030	L11	L11301	機器學習基本原理	Learning Curve 顯示？	誤差隨樣本	GPU功率	色域	PNR	A	選項「誤差隨樣本」最符合題意，因此正確。	2	"[""ML"", ""Lea""]"
L11301-Q031	L11	L11301	機器學習基本原理	F1 score 用於？	畫質	平衡精確召回	頻寬	溫度	B	選項「平衡精確召回」最符合題意，因此正確。	2	"[""ML"", ""F1s""]"
L11301-Q032	L11	L11301	機器學習基本原理	正則化 λ 大？	DNS	提高HDR	增VRAM	降低複雜度	D	選項「降低複雜度」最符合題意，因此正確。	2	"[""ML"", ""正則化""]"
L11301-Q033	L11	L11301	機器學習基本原理	純度高指？	Gini小	誤差大	成本高	亮度低	A	選項「Gini小」最符合題意，因此正確。	2	"[""ML"", ""純度高""]"
L11301-Q034	L11	L11301	機器學習基本原理	Feature Importance 常見於？	隨機森林	KNN	PCA	SVM	A	選項「隨機森林」最符合題意，因此正確。	2	"[""ML"", ""Fea""]"
L11301-Q035	L11	L11301	機器學習基本原理	Mini?batch GD 優勢？	最高精度	效率穩定平衡	最低噪	HDR	B	選項「效率穩定平衡」最符合題意，因此正確。	2	"[""ML"", ""Min""]"
L11301-Q036	L11	L11301	機器學習基本原理	LR decay 目的？	DNS	提速	HDR	後期穩定收斂	D	選項「後期穩定收斂」最符合題意，因此正確。	2	"[""ML"", ""LRd""]"
L11301-Q037	L11	L11301	機器學習基本原理	R? 用於？	降維	分類	聚類	迴歸解釋變異	D	選項「迴歸解釋變異」最符合題意，因此正確。	2	"[""ML"", ""R?用""]"
L11301-Q038	L11	L11301	機器學習基本原理	KD?Tree 用於？	KNN加速搜尋	FFT	JPEG	HDR	A	選項「KNN加速搜尋」最符合題意，因此正確。	2	"[""ML"", ""KDT""]"
L11301-Q039	L11	L11301	機器學習基本原理	Gradient Check 功能？	DNS	輸出色彩	GPU溫度	驗證反向	D	選項「驗證反向」最符合題意，因此正確。	2	"[""ML"", ""Gra""]"
L11301-Q040	L11	L11301	機器學習基本原理	SMOTE 作用？	FPS	HDR	過採樣少數類	GPU	C	選項「過採樣少數類」最符合題意，因此正確。	2	"[""ML"", ""SMO""]"
L11301-Q041	L11	L11301	機器學習基本原理	FN 高意義？	全錯	誤判多	全對	漏判多	D	選項「漏判多」最符合題意，因此正確。	2	"[""ML"", ""FN高""]"
L11301-Q042	L11	L11301	機器學習基本原理	AUC 範圍？	0-100	負無限	0到1	45667	C	選項「0到1」最符合題意，因此正確。	2	"[""ML"", ""AUC""]"
L11301-Q043	L11	L11301	機器學習基本原理	Elastic Net 結合？	Dropout+BN	L1+L2	SGD+Adam	ReLU+Sig	B	選項「L1+L2」最符合題意，因此正確。	2	"[""ML"", ""Ela""]"
L11301-Q044	L11	L11301	機器學習基本原理	Label Smoothing 用於？	降GPU	增HDR	增DPI	降低過自信	D	選項「降低過自信」最符合題意，因此正確。	2	"[""ML"", ""Lab""]"
L11301-Q045	L11	L11301	機器學習基本原理	蒙地卡羅交叉驗證？	留一	等分	隨機多次重抽	留P	C	選項「隨機多次重抽」最符合題意，因此正確。	2	"[""ML"", ""蒙地卡""]"
L11301-Q046	L11	L11301	機器學習基本原理	VC Dimension 評估？	GPU核心	模型容量	HDR	DNS	B	選項「模型容量」最符合題意，因此正確。	3	"[""ML"", ""VCD""]"
L11301-Q047	L11	L11301	機器學習基本原理	Kernel Trick 可？	HDR	增像素	GPU降溫	低維算高維內積	D	選項「低維算高維內積」最符合題意，因此正確。	3	"[""ML"", ""Ker""]"
L11301-Q048	L11	L11301	機器學習基本原理	維度詛咒影響？	HDR爆	距離失效	DNS崩	GPU炸	B	選項「距離失效」最符合題意，因此正確。	3	"[""ML"", ""維度詛""]"
L11301-Q049	L11	L11301	機器學習基本原理	EM 演算法應用？	隱變量最大化估計	硬梯度	濾波	FFT	A	選項「隱變量最大化估計」最符合題意，因此正確。	3	"[""ML"", ""EM演""]"
L11301-Q050	L11	L11301	機器學習基本原理	SVM 對偶問題透過？	拉格朗日乘子	泰勒展	傅立葉	卷積	A	選項「拉格朗日乘子」最符合題意，因此正確。	3	"[""ML"", ""SVM""]"
L11301-Q051	L11	L11301	機器學習基本原理	Bayes Optimal 目標？	最大熵	最小期望錯誤	最大似然	隨機	B	選項「最小期望錯誤」最符合題意，因此正確。	3	"[""ML"", ""Bay""]"
L11301-Q052	L11	L11301	機器學習基本原理	Information Bottleneck？	PSNR降	HDR壓	壓縮保預測	FPS升	C	選項「壓縮保預測」最符合題意，因此正確。	3	"[""ML"", ""Inf""]"
L11301-Q053	L11	L11301	機器學習基本原理	Spectral Clustering 用？	DNS	色彩頻譜	HDR	拉普拉斯特徵向量	D	選項「拉普拉斯特徵向量」最符合題意，因此正確。	3	"[""ML"", ""Spe""]"
L11301-Q054	L11	L11301	機器學習基本原理	Kalman Filter 屬？	遞迴估計時序	靜態分類	GPU排程	HDR	A	選項「遞迴估計時序」最符合題意，因此正確。	3	"[""ML"", ""Kal""]"
L11301-Q055	L11	L11301	機器學習基本原理	Q?learning 是？	強化學習值迴歸	聚類	回歸	降維	A	選項「強化學習值迴歸」最符合題意，因此正確。	3	"[""ML"", ""Qle""]"
L11301-Q056	L11	L11301	機器學習基本原理	Backprop 根據？	傅立葉	泰勒	鏈式法則	捲積定理	C	選項「鏈式法則」最符合題意，因此正確。	3	"[""ML"", ""Bac""]"
L11301-Q057	L11	L11301	機器學習基本原理	SVM Margin 目標？	固定	最小化	最大化	忽略	C	選項「最大化」最符合題意，因此正確。	3	"[""ML"", ""SVM""]"
L11301-Q058	L11	L11301	機器學習基本原理	Jacobian 用於？	HDR	亮度	多輸出梯度	DNS	C	選項「多輸出梯度」最符合題意，因此正確。	3	"[""ML"", ""Jac""]"
L11301-Q059	L11	L11301	機器學習基本原理	Softmax 功能？	多類概率	二元	回歸	聚類	A	選項「多類概率」最符合題意，因此正確。	3	"[""ML"", ""Sof""]"
L11301-Q060	L11	L11301	機器學習基本原理	BIC & AIC 用途？	模型選擇懲罰	色彩校正	GPU降	HDR	A	選項「模型選擇懲罰」最符合題意，因此正確。	3	"[""ML"", ""BIC""]"
L11301-Q061	L11	L11301	機器學習基本原理	AdaGrad 缺點？	梯度爆	過擬合	學習率早降	HDR降	C	選項「學習率早降」最符合題意，因此正確。	3	"[""ML"", ""Ada""]"
L11301-Q062	L11	L11301	機器學習基本原理	DropConnect 特點？	隨機刪輸入	隨機刪層	隨機刪權重	隨機刪輸出	C	選項「隨機刪權重」最符合題意，因此正確。	3	"[""ML"", ""Dro""]"
L11301-Q063	L11	L11301	機器學習基本原理	Bagging 效果？	增HDR	降偏差	降方差	DNS減	C	選項「降方差」最符合題意，因此正確。	3	"[""ML"", ""Bag""]"
L11301-Q064	L11	L11301	機器學習基本原理	SHAP 值用途？	FPS	剪枝	可解釋貢獻	HDR	C	選項「可解釋貢獻」最符合題意，因此正確。	3	"[""ML"", ""SHA""]"
L11301-Q065	L11	L11301	機器學習基本原理	GAN 模式崩潰屬？	GPU熱	資料缺	訓練不穩	HDR低	C	選項「訓練不穩」最符合題意，因此正確。	3	"[""ML"", ""GAN""]"
L11301-Q066	L11	L11301	機器學習基本原理	Autoencoder v PCA？	分類	線性	聚類	非線性映射	D	選項「非線性映射」最符合題意，因此正確。	3	"[""ML"", ""Aut""]"
L11301-Q067	L11	L11301	機器學習基本原理	Fisher Criterion 用？	線性可分最佳化	GPU散熱	HDR提	DNS延	A	選項「線性可分最佳化」最符合題意，因此正確。	3	"[""ML"", ""Fis""]"
L11302-Q001	L11	L11302	常見的機器學習模型	線性回歸 (Linear Regression) 用於？	分群	連續值預測	分類	降維	B	選項「連續值預測」最符合題意，因此正確。	1	"[""MLModel"", ""線性回""]"
L11302-Q002	L11	L11302	常見的機器學習模型	決策樹優點之一？	必需大量資料	最小誤差	高維度穩定	易於解釋	D	選項「易於解釋」最符合題意，因此正確。	1	"[""MLModel"", ""決策樹""]"
L11302-Q003	L11	L11302	常見的機器學習模型	隨機森林屬於？	生成模型	神經網路	強化學習	集成學習	D	選項「集成學習」最符合題意，因此正確。	1	"[""MLModel"", ""隨機森""]"
L11302-Q004	L11	L11302	常見的機器學習模型	K?Means 聚類需要指定？	梯度	學習率	深度	群數 k	D	選項「群數 k」最符合題意，因此正確。	1	"[""MLModel"", ""KMe""]"
L11302-Q005	L11	L11302	常見的機器學習模型	Naive Bayes 假設？	線性可分	特徵條件獨立	梯度為零	高斯分佈必須	B	選項「特徵條件獨立」最符合題意，因此正確。	1	"[""MLModel"", ""Nai""]"
L11302-Q006	L11	L11302	常見的機器學習模型	支持向量機 (SVM) 主要優點？	適用高維資料	需要大量特徵工程	訓練極快	容易過擬合	A	選項「適用高維資料」最符合題意，因此正確。	1	"[""MLModel"", ""支持向""]"
L11302-Q007	L11	L11302	常見的機器學習模型	KNN 分類缺點？	模型複雜	高維度計算成本	權重難更新	不支持多類	B	選項「高維度計算成本」最符合題意，因此正確。	1	"[""MLModel"", ""KNN""]"
L11302-Q008	L11	L11302	常見的機器學習模型	Logistic Regression 輸出？	機率值	距離值	簽名值	誤差平方	A	選項「機率值」最符合題意，因此正確。	1	"[""MLModel"", ""Log""]"
L11302-Q009	L11	L11302	常見的機器學習模型	主成分分析 (PCA) 主要作用？	降維保留變異	分類	聚類	強化	A	選項「降維保留變異」最符合題意，因此正確。	1	"[""MLModel"", ""主成分""]"
L11302-Q010	L11	L11302	常見的機器學習模型	Gradient Boosting 框架不包含？	KNN	XGBoost	LightGBM	GBDT	A	選項「KNN」最符合題意，因此正確。	1	"[""MLModel"", ""Gra""]"
L11302-Q011	L11	L11302	常見的機器學習模型	LSTM 主要解決？	強化決策	圖片分類	聚類	長依賴梯度消失	D	選項「長依賴梯度消失」最符合題意，因此正確。	1	"[""MLModel"", ""LST""]"
L11302-Q012	L11	L11302	常見的機器學習模型	CNN 特徵提取使用？	遞迴	全連接	卷積核	決策樹	C	選項「卷積核」最符合題意，因此正確。	1	"[""MLModel"", ""CNN""]"
L11302-Q013	L11	L11302	常見的機器學習模型	GAN 包含哪兩網路？	教師與學生	編碼器與解碼器	卷積與池化	生成器與判別器	D	選項「生成器與判別器」最符合題意，因此正確。	1	"[""MLModel"", ""GAN""]"
L11302-Q014	L11	L11302	常見的機器學習模型	Autoencoder 用於？	強化回報	無監督表徵學習	聚類中心	回歸	B	選項「無監督表徵學習」最符合題意，因此正確。	1	"[""MLModel"", ""Aut""]"
L11302-Q015	L11	L11302	常見的機器學習模型	RNN 缺點之一？	只處理圖像	需要樹結構	梯度消失	維度詛咒少	C	選項「梯度消失」最符合題意，因此正確。	1	"[""MLModel"", ""RNN""]"
L11302-Q016	L11	L11302	常見的機器學習模型	Transformer 取代 RNN 因？	自注意力並行計算	卷積少	梯度爆炸易	資料需求低	A	選項「自注意力並行計算」最符合題意，因此正確。	1	"[""MLModel"", ""Tra""]"
L11302-Q017	L11	L11302	常見的機器學習模型	GMM (高斯混合) 屬？	判別式分類	生成式聚類	序列模型	強化模型	B	選項「生成式聚類」最符合題意，因此正確。	1	"[""MLModel"", ""GMM""]"
L11302-Q018	L11	L11302	常見的機器學習模型	DBSCAN 優點？	需固定群數	可找異常點	只能球形	需監督	B	選項「可找異常點」最符合題意，因此正確。	1	"[""MLModel"", ""DBS""]"
L11302-Q019	L11	L11302	常見的機器學習模型	XGBoost 重要技巧？	隨機投影	自注意力機制	卷積核共享	梯度加權與剪枝	D	選項「梯度加權與剪枝」最符合題意，因此正確。	1	"[""MLModel"", ""XGB""]"
L11302-Q020	L11	L11302	常見的機器學習模型	LightGBM 相比 XGBoost？	單樹深度增長	梯度直方與 LeafWise	無並行	僅CPU	B	選項「梯度直方與 LeafWise」最符合題意，因此正確。	1	"[""MLModel"", ""Lig""]"
L11302-Q021	L11	L11302	常見的機器學習模型	Graph Neural Network 主要處理？	影像	序列	表格	圖結構資料	D	選項「圖結構資料」最符合題意，因此正確。	1	"[""MLModel"", ""Gra""]"
L11302-Q022	L11	L11302	常見的機器學習模型	Word2Vec Skip?gram 目標？	預測中心詞	預測上下文詞	降維	聚類	B	選項「預測上下文詞」最符合題意，因此正確。	1	"[""MLModel"", ""Wor""]"
L11302-Q023	L11	L11302	常見的機器學習模型	Random Forest 減少？	方差	偏差	噪聲	維度	A	選項「方差」最符合題意，因此正確。	2	"[""MLModel"", ""Ran""]"
L11302-Q024	L11	L11302	常見的機器學習模型	XGBoost 損失正則項包含？	注意力權重	梯度二次	樹複雜度	Jacobian	C	選項「樹複雜度」最符合題意，因此正確。	2	"[""MLModel"", ""XGB""]"
L11302-Q025	L11	L11302	常見的機器學習模型	SVM Kernel 函式不含？	Sigmoid	RBF	Polynomial	MaxPool	A	選項「Sigmoid」最符合題意，因此正確。	2	"[""MLModel"", ""SVM""]"
L11302-Q026	L11	L11302	常見的機器學習模型	CatBoost 對類別特徵？	忽略	One?Hot 全部	排序編碼	頻率編碼	C	選項「排序編碼」最符合題意，因此正確。	2	"[""MLModel"", ""Cat""]"
L11302-Q027	L11	L11302	常見的機器學習模型	LSTM 門控單元不含？	遺忘門	輸入門	選擇門	輸出門	C	選項「選擇門」最符合題意，因此正確。	2	"[""MLModel"", ""LST""]"
L11302-Q028	L11	L11302	常見的機器學習模型	CNN Pooling 作用？	增加參數	降低空間尺寸	提升色彩	降梯度	B	選項「降低空間尺寸」最符合題意，因此正確。	2	"[""MLModel"", ""CNN""]"
L11302-Q029	L11	L11302	常見的機器學習模型	AdaBoost 弱學習器常用？	決策樹桿件	KNN	RNN	CNN	A	選項「決策樹桿件」最符合題意，因此正確。	2	"[""MLModel"", ""Ada""]"
L11302-Q030	L11	L11302	常見的機器學習模型	LightGBM 使用哪些技術？	dropout	GOSS + EFB	momentum	attention	B	選項「GOSS + EFB」最符合題意，因此正確。	2	"[""MLModel"", ""Lig""]"
L11302-Q031	L11	L11302	常見的機器學習模型	ARIMA 適用於？	時間序列	圖像分類	文本生成	聚類	A	選項「時間序列」最符合題意，因此正確。	2	"[""MLModel"", ""ARI""]"
L11302-Q032	L11	L11302	常見的機器學習模型	Prophet 模型特點？	注意力	卷積層	加乘分解趨勢季節	梯度提升	C	選項「加乘分解趨勢季節」最符合題意，因此正確。	2	"[""MLModel"", ""Pro""]"
L11302-Q033	L11	L11302	常見的機器學習模型	Transformer Encoder 核心？	池化	GRU	多頭自注意力	Gaussian NB	C	選項「多頭自注意力」最符合題意，因此正確。	2	"[""MLModel"", ""Tra""]"
L11302-Q034	L11	L11302	常見的機器學習模型	BERT 預訓練任務不含？	下一句預測	遮罩語言模型	圖像重建	對比學習	C	選項「圖像重建」最符合題意，因此正確。	2	"[""MLModel"", ""BER""]"
L11302-Q035	L11	L11302	常見的機器學習模型	t?SNE 降維適合？	強化學習	回歸預測	長序列翻譯	高維數據視覺化	D	選項「高維數據視覺化」最符合題意，因此正確。	2	"[""MLModel"", ""tSN""]"
L11302-Q036	L11	L11302	常見的機器學習模型	Stacking Ensemble 特徵？	第二層元學習器	隨機投影	剪枝	詞嵌入	A	選項「第二層元學習器」最符合題意，因此正確。	2	"[""MLModel"", ""Sta""]"
L11302-Q037	L11	L11302	常見的機器學習模型	GRU 與 LSTM 差？	參數更多	門更少	計算慢	需卷積	B	選項「門更少」最符合題意，因此正確。	2	"[""MLModel"", ""GRU""]"
L11302-Q038	L11	L11302	常見的機器學習模型	DeepFM 模型結合？	FM + DNN	RNN + CNN	SVM + NB	KNN + XGB	A	選項「FM + DNN」最符合題意，因此正確。	2	"[""MLModel"", ""Dee""]"
L11302-Q039	L11	L11302	常見的機器學習模型	Wide & Deep 用於？	推薦系統	物件檢測	音訊分離	聚類	A	選項「推薦系統」最符合題意，因此正確。	2	"[""MLModel"", ""Wid""]"
L11302-Q040	L11	L11302	常見的機器學習模型	Label Ranking Loss 適用？	迴歸	二元分類	多標籤排序	降維	C	選項「多標籤排序」最符合題意，因此正確。	2	"[""MLModel"", ""Lab""]"
L11302-Q041	L11	L11302	常見的機器學習模型	Transformer Decoder 需？	GRU	池化	遮罩自注意力	SVD	C	選項「遮罩自注意力」最符合題意，因此正確。	2	"[""MLModel"", ""Tra""]"
L11302-Q042	L11	L11302	常見的機器學習模型	EfficientNet 使用？	k近鄰	深度可分卷積	梯度提升	複合縮放	D	選項「複合縮放」最符合題意，因此正確。	2	"[""MLModel"", ""Eff""]"
L11302-Q043	L11	L11302	常見的機器學習模型	YOLO 模型任務？	分群	語音辨識	推薦	即時物件偵測	D	選項「即時物件偵測」最符合題意，因此正確。	2	"[""MLModel"", ""YOL""]"
L11302-Q044	L11	L11302	常見的機器學習模型	DeepLab 模型關注？	音樂生成	序列生成	語意分割	回歸	C	選項「語意分割」最符合題意，因此正確。	2	"[""MLModel"", ""Dee""]"
L11302-Q045	L11	L11302	常見的機器學習模型	U?Net 常用於？	時間預測	醫學影像分割	聚類	強化決策	B	選項「醫學影像分割」最符合題意，因此正確。	2	"[""MLModel"", ""UNe""]"
L11302-Q046	L11	L11302	常見的機器學習模型	Neural ODE 特點？	離散卷積	連續深度動態	梯度提升	隨機森林	B	選項「連續深度動態」最符合題意，因此正確。	3	"[""MLModel"", ""Neu""]"
L11302-Q047	L11	L11302	常見的機器學習模型	Capsule Network 引入？	池化層減少	姿態矩陣	ReLU	Dropout	B	選項「姿態矩陣」最符合題意，因此正確。	3	"[""MLModel"", ""Cap""]"
L11302-Q048	L11	L11302	常見的機器學習模型	Swin Transformer 核心？	移動窗注意力	全局卷積	遞迴	決策樹	A	選項「移動窗注意力」最符合題意，因此正確。	3	"[""MLModel"", ""Swi""]"
L11302-Q049	L11	L11302	常見的機器學習模型	AlphaGo 使用哪種搜索？	Dijkstra	廣度優先	蒙地卡羅樹	A*	C	選項「蒙地卡羅樹」最符合題意，因此正確。	3	"[""MLModel"", ""Alp""]"
L11302-Q050	L11	L11302	常見的機器學習模型	Deep Q?Network 改進？	正則化 L1	窗注意力	經驗回放	梯度清零	C	選項「經驗回放」最符合題意，因此正確。	3	"[""MLModel"", ""Dee""]"
L11302-Q051	L11	L11302	常見的機器學習模型	NeRF 模型用於？	迴歸	語音轉文字	序列標註	新視角合成	D	選項「新視角合成」最符合題意，因此正確。	3	"[""MLModel"", ""NeR""]"
L11302-Q052	L11	L11302	常見的機器學習模型	Diffusion Model 特徵？	自迴歸	對抗訓練	編碼解碼	逐步去噪生成	D	選項「逐步去噪生成」最符合題意，因此正確。	3	"[""MLModel"", ""Dif""]"
L11302-Q053	L11	L11302	常見的機器學習模型	Meta?Learning MAML 流程？	梯度爆炸	內外循環快速適應	卷積共享	池化增強	B	選項「內外循環快速適應」最符合題意，因此正確。	3	"[""MLModel"", ""Met""]"
L11302-Q054	L11	L11302	常見的機器學習模型	Vision Transformer Patch Embedding 步驟？	Pooling	卷積投影	RNN展開	切片後線性映射	D	選項「切片後線性映射」最符合題意，因此正確。	3	"[""MLModel"", ""Vis""]"
L11302-Q055	L11	L11302	常見的機器學習模型	Deep Reinforcement Learning Policy Gradient 更新方向？	最小平方誤差	期望回報梯度	最大似然	最小熵	B	選項「期望回報梯度」最符合題意，因此正確。	3	"[""MLModel"", ""Dee""]"
L11302-Q056	L11	L11302	常見的機器學習模型	Neural Style Transfer 最小化？	GAN損失	分類損失	內容+風格損失	Dice損失	C	選項「內容+風格損失」最符合題意，因此正確。	3	"[""MLModel"", ""Neu""]"
L11302-Q057	L11	L11302	常見的機器學習模型	Siamese Network 核心應用？	生成學習	度量學習	聚類	回歸	B	選項「度量學習」最符合題意，因此正確。	3	"[""MLModel"", ""Sia""]"
L11302-Q058	L11	L11302	常見的機器學習模型	BERT Fine?tune 常用技巧？	Dropconnect輸出	隨機森林特徵	K?Means初始化	凍結部分層	D	選項「凍結部分層」最符合題意，因此正確。	3	"[""MLModel"", ""BER""]"
L11302-Q059	L11	L11302	常見的機器學習模型	GPT 自回歸特性？	左到右預測	雙向上下文	卷積串流	池化壓縮	A	選項「左到右預測」最符合題意，因此正確。	3	"[""MLModel"", ""GPT""]"
L11302-Q060	L11	L11302	常見的機器學習模型	NAS (Neural Architecture Search) 技術？	自動結構探索	手工調參	L1正則	梯度檢查	A	選項「自動結構探索」最符合題意，因此正確。	3	"[""MLModel"", ""NAS""]"
L11302-Q061	L11	L11302	常見的機器學習模型	GraphSAGE 主要？	鄰居採樣聚合	全圖卷積	RNN遞迴	Autoencoder	A	選項「鄰居採樣聚合」最符合題意，因此正確。	3	"[""MLModel"", ""Gra""]"
L11302-Q062	L11	L11302	常見的機器學習模型	TabNet 特徵選擇方式？	RBF	卷積核	線性	逐步注意力掩碼	D	選項「逐步注意力掩碼」最符合題意，因此正確。	3	"[""MLModel"", ""Tab""]"
L11302-Q063	L11	L11302	常見的機器學習模型	Transformer XL 解決？	GPU不足	梯度爆炸	長序列記憶	HDR下降	C	選項「長序列記憶」最符合題意，因此正確。	3	"[""MLModel"", ""Tra""]"
L11302-Q064	L11	L11302	常見的機器學習模型	WaveNet 用於？	語音生成	圖像超分	聚類	推薦	A	選項「語音生成」最符合題意，因此正確。	3	"[""MLModel"", ""Wav""]"
L11302-Q065	L11	L11302	常見的機器學習模型	Pix2Pix 屬於？	自回歸	變分自編碼	條件式 GAN	標籤平滑	C	選項「條件式 GAN」最符合題意，因此正確。	3	"[""MLModel"", ""Pix""]"
L11302-Q066	L11	L11302	常見的機器學習模型	Deep SARSA 與 DQN 差？	經驗回放	固定目標網	On?policy 更新	優先取樣	C	選項「On?policy 更新」最符合題意，因此正確。	3	"[""MLModel"", ""Dee""]"
L11302-Q067	L11	L11302	常見的機器學習模型	Sparse Transformer 優勢？	降FPS	全連接	增HDR	降低計算複雜度	D	選項「降低計算複雜度」最符合題意，因此正確。	3	"[""MLModel"", ""Spa""]"
L11401-Q001	L11	L11401	鑑別式AI與生成式AI的基本原理	鑑別式模型著重於？	決策邊界	生成資料	降維	渲染	A	選項「決策邊界」最符合題意，因此正確。	1	"[""DiscGenAI"", ""鑑別式""]"
L11401-Q002	L11	L11401	鑑別式AI與生成式AI的基本原理	生成式模型可用於？	合成新樣本	僅分類	索引搜尋	排序	A	選項「合成新樣本」最符合題意，因此正確。	1	"[""DiscGenAI"", ""生成式""]"
L11401-Q003	L11	L11401	鑑別式AI與生成式AI的基本原理	Softmax Regression 屬於？	強化	生成式	半監督	鑑別式	D	選項「鑑別式」最符合題意，因此正確。	1	"[""DiscGenAI"", ""Sof""]"
L11401-Q004	L11	L11401	鑑別式AI與生成式AI的基本原理	GAN 的 G 指？	Gaussian	Gradient	Generator	Graph	C	選項「Generator」最符合題意，因此正確。	1	"[""DiscGenAI"", ""GAN""]"
L11401-Q005	L11	L11401	鑑別式AI與生成式AI的基本原理	Naive Bayes 屬於？	強化	鑑別式	生成式	聚類	C	選項「生成式」最符合題意，因此正確。	1	"[""DiscGenAI"", ""Nai""]"
L11401-Q006	L11	L11401	鑑別式AI與生成式AI的基本原理	Logistic Regression 輸出？	類別機率	像素	影像	序列	A	選項「類別機率」最符合題意，因此正確。	1	"[""DiscGenAI"", ""Log""]"
L11401-Q007	L11	L11401	鑑別式AI與生成式AI的基本原理	VAE 損失包含？	交叉熵	重建+KL	MSE僅	FID僅	B	選項「重建+KL」最符合題意，因此正確。	1	"[""DiscGenAI"", ""VAE""]"
L11401-Q008	L11	L11401	鑑別式AI與生成式AI的基本原理	GAN 判別器任務？	降噪	生成圖像	區分真偽	聚類	C	選項「區分真偽」最符合題意，因此正確。	1	"[""DiscGenAI"", ""GAN""]"
L11401-Q009	L11	L11401	鑑別式AI與生成式AI的基本原理	鑑別式模型建模目標？	後驗分布 P(x)	聯合機率	邊際分布	條件機率 P(y|x)	D	選項「條件機率 P(y|x)」最符合題意，因此正確。	1	"[""DiscGenAI"", ""鑑別式""]"
L11401-Q010	L11	L11401	鑑別式AI與生成式AI的基本原理	生成式模型能估計？	梯度場	僅 P(y|x)	"P(x) 或 P(x,y)"	邊界距離	C	"選項「P(x) 或 P(x,y)」最符合題意，因此正確。"	1	"[""DiscGenAI"", ""生成式""]"
L11401-Q011	L11	L11401	鑑別式AI與生成式AI的基本原理	BERT 屬於？	圖神經	純生成	生成式預訓練鑑別式微調	強化	C	選項「生成式預訓練鑑別式微調」最符合題意，因此正確。	1	"[""DiscGenAI"", ""BER""]"
L11401-Q012	L11	L11401	鑑別式AI與生成式AI的基本原理	CLIP 結合？	圖像文本對比	音樂	結構化	時間序列	A	選項「圖像文本對比」最符合題意，因此正確。	1	"[""DiscGenAI"", ""CLI""]"
L11401-Q013	L11	L11401	鑑別式AI與生成式AI的基本原理	Conditional GAN 需要？	卷積核大	權重共享	梯度懲罰	類別條件輸入	D	選項「類別條件輸入」最符合題意，因此正確。	1	"[""DiscGenAI"", ""Con""]"
L11401-Q014	L11	L11401	鑑別式AI與生成式AI的基本原理	Perplexity 指標常用於？	圖片分割	分類準確	聚類純度	語言模型生成	D	選項「語言模型生成」最符合題意，因此正確。	1	"[""DiscGenAI"", ""Per""]"
L11401-Q015	L11	L11401	鑑別式AI與生成式AI的基本原理	SVM 與 CNN 比屬？	半監督	生成vs生成	純生成	鑑別 vs 表徵學習	D	選項「鑑別 vs 表徵學習」最符合題意，因此正確。	1	"[""DiscGenAI"", ""SVM""]"
L11401-Q016	L11	L11401	鑑別式AI與生成式AI的基本原理	GAN 訓練損失經典？	MSE	交叉熵對抗	PSNR	IoU	B	選項「交叉熵對抗」最符合題意，因此正確。	1	"[""DiscGenAI"", ""GAN""]"
L11401-Q017	L11	L11401	鑑別式AI與生成式AI的基本原理	Autoencoder 屬於？	序列標註	分類	生成式重建	強化學習	C	選項「生成式重建」最符合題意，因此正確。	1	"[""DiscGenAI"", ""Aut""]"
L11401-Q018	L11	L11401	鑑別式AI與生成式AI的基本原理	Likelihood 最大化常用於？	強化Q	鑑別SVM	生成式模型訓練	聚類K	C	選項「生成式模型訓練」最符合題意，因此正確。	1	"[""DiscGenAI"", ""Lik""]"
L11401-Q019	L11	L11401	鑑別式AI與生成式AI的基本原理	Discriminative 目標函數常為？	最大互信息	最大似然	最小KL	損失最小化分類誤差	D	選項「損失最小化分類誤差」最符合題意，因此正確。	1	"[""DiscGenAI"", ""Dis""]"
L11401-Q020	L11	L11401	鑑別式AI與生成式AI的基本原理	GAN 模式崩潰是？	生成缺多樣性	辨識率低	梯度爆炸	欠擬合	A	選項「生成缺多樣性」最符合題意，因此正確。	1	"[""DiscGenAI"", ""GAN""]"
L11401-Q021	L11	L11401	鑑別式AI與生成式AI的基本原理	Diffusion Model 步驟？	加噪與去噪	卷積與池化	注意力	決策邊界	A	選項「加噪與去噪」最符合題意，因此正確。	1	"[""DiscGenAI"", ""Dif""]"
L11401-Q022	L11	L11401	鑑別式AI與生成式AI的基本原理	鑑別式評估指標？	Accuracy/F1	FID	IS	Perplexity	A	選項「Accuracy/F1」最符合題意，因此正確。	1	"[""DiscGenAI"", ""鑑別式""]"
L11401-Q023	L11	L11401	鑑別式AI與生成式AI的基本原理	VAE 中 KL 項用於？	加噪音	提高分辨率	增亮度	對齊潛在分布正則	D	選項「對齊潛在分布正則」最符合題意，因此正確。	2	"[""DiscGenAI"", ""VAE""]"
L11401-Q024	L11	L11401	鑑別式AI與生成式AI的基本原理	GAN 訓練不穩常因？	GPU超頻	樣本不足	梯度消失難平衡	DNS失敗	C	選項「梯度消失難平衡」最符合題意，因此正確。	2	"[""DiscGenAI"", ""GAN""]"
L11401-Q025	L11	L11401	鑑別式AI與生成式AI的基本原理	最大似然估計會？	最小MSE	最大AUC	最小交叉熵	最大PSNR	C	選項「最小交叉熵」最符合題意，因此正確。	2	"[""DiscGenAI"", ""最大似""]"
L11401-Q026	L11	L11401	鑑別式AI與生成式AI的基本原理	Flow?based 模型優點？	易梯度消失	需要編碼器	可逆精確對數似然	模式崩潰高	C	選項「可逆精確對數似然」最符合題意，因此正確。	2	"[""DiscGenAI"", ""Flo""]"
L11401-Q027	L11	L11401	鑑別式AI與生成式AI的基本原理	能同時做生成鑑別任務模型？	SVM	VAE?GAN 混合	KNN	RandomForest	B	選項「VAE?GAN 混合」最符合題意，因此正確。	2	"[""DiscGenAI"", ""能同時""]"
L11401-Q028	L11	L11401	鑑別式AI與生成式AI的基本原理	Energy?based Model 訓練需？	自注意	卷積核	對比估計Neq	隨機森林	C	選項「對比估計Neq」最符合題意，因此正確。	2	"[""DiscGenAI"", ""Ene""]"
L11401-Q029	L11	L11401	鑑別式AI與生成式AI的基本原理	Score?Based Gen 使用？	擾動梯度場	決策邊界	聚類中心	注意力權重	A	選項「擾動梯度場」最符合題意，因此正確。	2	"[""DiscGenAI"", ""Sco""]"
L11401-Q030	L11	L11401	鑑別式AI與生成式AI的基本原理	GAN 判別器輸出？	像素	硬標籤	真偽概率	梯度	C	選項「真偽概率」最符合題意，因此正確。	2	"[""DiscGenAI"", ""GAN""]"
L11401-Q031	L11	L11401	鑑別式AI與生成式AI的基本原理	Conditional Likelihood 用於？	MMD	生成邊際	KL散度	鑑別式	D	選項「鑑別式」最符合題意，因此正確。	2	"[""DiscGenAI"", ""Con""]"
L11401-Q032	L11	L11401	鑑別式AI與生成式AI的基本原理	CycleGAN 可？	無配對影像轉換	分類	降噪	增亮度	A	選項「無配對影像轉換」最符合題意，因此正確。	2	"[""DiscGenAI"", ""Cyc""]"
L11401-Q033	L11	L11401	鑑別式AI與生成式AI的基本原理	WGAN 改善？	梯度爆	JS Divergence問題	PSNR低	AUC低	B	選項「JS Divergence問題」最符合題意，因此正確。	2	"[""DiscGenAI"", ""WGA""]"
L11401-Q034	L11	L11401	鑑別式AI與生成式AI的基本原理	InfoGAN 最大化？	互信息	PSNR	HDR	BLEU	A	選項「互信息」最符合題意，因此正確。	2	"[""DiscGenAI"", ""Inf""]"
L11401-Q035	L11	L11401	鑑別式AI與生成式AI的基本原理	CGAN 額外輸入？	條件向量 y	雜訊重投	KL項	潛在重參數	A	選項「條件向量 y」最符合題意，因此正確。	2	"[""DiscGenAI"", ""CGA""]"
L11401-Q036	L11	L11401	鑑別式AI與生成式AI的基本原理	GAN 判別器過強導致？	泛化好	模式崩潰改善	欠擬合	梯度稀疏生成弱	D	選項「梯度稀疏生成弱」最符合題意，因此正確。	2	"[""DiscGenAI"", ""GAN""]"
L11401-Q037	L11	L11401	鑑別式AI與生成式AI的基本原理	MS?SSIM 用於評估？	生成影像品質	分類精度	語言流暢	聚類分?	A	選項「生成影像品質」最符合題意，因此正確。	2	"[""DiscGenAI"", ""MSS""]"
L11401-Q038	L11	L11401	鑑別式AI與生成式AI的基本原理	VAE Decoder 作用？	映射到潛在	從潛在重建輸出	計算KL	判決真假	B	選項「從潛在重建輸出」最符合題意，因此正確。	2	"[""DiscGenAI"", ""VAE""]"
L11401-Q039	L11	L11401	鑑別式AI與生成式AI的基本原理	StyleGAN 引入？	變分下界	映射網路與風格層	對比學習	自注意	B	選項「映射網路與風格層」最符合題意，因此正確。	2	"[""DiscGenAI"", ""Sty""]"
L11401-Q040	L11	L11401	鑑別式AI與生成式AI的基本原理	Classifier?free Guidance 用於？	GMM	SVM曲率	GLM	擴散模型調控	D	選項「擴散模型調控」最符合題意，因此正確。	2	"[""DiscGenAI"", ""Cla""]"
L11401-Q041	L11	L11401	鑑別式AI與生成式AI的基本原理	Generative Classifier Hedge？	均勻分布	硬分配	梯度停止	計算後驗比率	D	選項「計算後驗比率」最符合題意，因此正確。	2	"[""DiscGenAI"", ""Gen""]"
L11401-Q042	L11	L11401	鑑別式AI與生成式AI的基本原理	Likelihood?free GAN 屬？	顯式密度	Implicit density	可逆流	自回歸	B	選項「Implicit density」最符合題意，因此正確。	2	"[""DiscGenAI"", ""Lik""]"
L11401-Q043	L11	L11401	鑑別式AI與生成式AI的基本原理	AutoRegressive Model 缺陷？	生成速度慢	PSNR低	梯度消失	模式崩潰	A	選項「生成速度慢」最符合題意，因此正確。	2	"[""DiscGenAI"", ""Aut""]"
L11401-Q044	L11	L11401	鑑別式AI與生成式AI的基本原理	Denoising Score Matching 估計？	決策邊	梯度logP	互信息	誤差平方	B	選項「梯度logP」最符合題意，因此正確。	2	"[""DiscGenAI"", ""Den""]"
L11401-Q045	L11	L11401	鑑別式AI與生成式AI的基本原理	FID 低代表？	階層更高	生成更佳	解析度高	梯度大	B	選項「生成更佳」最符合題意，因此正確。	2	"[""DiscGenAI"", ""FID""]"
L11401-Q046	L11	L11401	鑑別式AI與生成式AI的基本原理	Variational Lower Bound 目的？	固定邊界	優化不可計算似然	增PSNR	增HDR	B	選項「優化不可計算似然」最符合題意，因此正確。	3	"[""DiscGenAI"", ""Var""]"
L11401-Q047	L11	L11401	鑑別式AI與生成式AI的基本原理	GAN Minimax 遊戲可轉？	KL最小	JS 散度最小	MSE	IoU	B	選項「JS 散度最小」最符合題意，因此正確。	3	"[""DiscGenAI"", ""GAN""]"
L11401-Q048	L11	L11401	鑑別式AI與生成式AI的基本原理	Likelihood Weighting 於 Flow？	處理潛在可逆變量	卷積可分	梯度下降	後驗正則	A	選項「處理潛在可逆變量」最符合題意，因此正確。	3	"[""DiscGenAI"", ""Lik""]"
L11401-Q049	L11	L11401	鑑別式AI與生成式AI的基本原理	Score SDE 模型與 Diffusion 關係？	無關	同構於去噪過程	卷積共享	RNN記憶	B	選項「同構於去噪過程」最符合題意，因此正確。	3	"[""DiscGenAI"", ""Sco""]"
L11401-Q050	L11	L11401	鑑別式AI與生成式AI的基本原理	Contrastive Divergence 用於？	訓練能量/玻爾茲曼機	自注意	決策樹	隱馬可夫	A	選項「訓練能量/玻爾茲曼機」最符合題意，因此正確。	3	"[""DiscGenAI"", ""Con""]"
L11401-Q051	L11	L11401	鑑別式AI與生成式AI的基本原理	NeRF 屬於？	分類器	鑑別邊界	生成新視圖模型	時間序列	C	選項「生成新視圖模型」最符合題意，因此正確。	3	"[""DiscGenAI"", ""NeR""]"
L11401-Q052	L11	L11401	鑑別式AI與生成式AI的基本原理	Latent Diffusion 優勢？	梯度爆炸	需大卷積	在壓縮潛空間推斷	JS大	C	選項「在壓縮潛空間推斷」最符合題意，因此正確。	3	"[""DiscGenAI"", ""Lat""]"
L11401-Q053	L11	L11401	鑑別式AI與生成式AI的基本原理	EBM 相較GAN	梯度0	需背景噪音	模式崩潰高	無需生成器顯式	D	選項「無需生成器顯式」最符合題意，因此正確。	3	"[""DiscGenAI"", ""EBM""]"
L11401-Q054	L11	L11401	鑑別式AI與生成式AI的基本原理	Flow 模型關鍵屬性？	卷積池化	可逆且Jacobian可計	RNN依序	Attention 全局	B	選項「可逆且Jacobian可計」最符合題意，因此正確。	3	"[""DiscGenAI"", ""Flo""]"
L11401-Q055	L11	L11401	鑑別式AI與生成式AI的基本原理	Mode Seeking Loss 提出為？	保梯度	提升AUC	減少GAN模式崩潰	增加分辨率	C	選項「減少GAN模式崩潰」最符合題意，因此正確。	3	"[""DiscGenAI"", ""Mod""]"
L11401-Q056	L11	L11401	鑑別式AI與生成式AI的基本原理	GAN Spectral Norm 作用？	提高HDR	剪枝	梯度增強	約束權重Lipschitz	D	選項「約束權重Lipschitz」最符合題意，因此正確。	3	"[""DiscGenAI"", ""GAN""]"
L11401-Q057	L11	L11401	鑑別式AI與生成式AI的基本原理	Autoregressive decoders 如 GPT 缺點？	推理串行慢	需真偽標籤	梯度反傳難	KL無法	A	選項「推理串行慢」最符合題意，因此正確。	3	"[""DiscGenAI"", ""Aut""]"
L11401-Q058	L11	L11401	鑑別式AI與生成式AI的基本原理	DDIM 在 Diffusion？	增加噪音	無參數推理快速	梯度重構	注意力增	B	選項「無參數推理快速」最符合題意，因此正確。	3	"[""DiscGenAI"", ""DDI""]"
L11401-Q059	L11	L11401	鑑別式AI與生成式AI的基本原理	VAEs posterior collapse 因？	Encoder 過深	Decoder 過強	KL=高	LR=0	B	選項「Decoder 過強」最符合題意，因此正確。	3	"[""DiscGenAI"", ""VAE""]"
L11401-Q060	L11	L11401	鑑別式AI與生成式AI的基本原理	Noise Conditional Score 網路輸入？	僅隱變量	僅資料	僅雜訊	資料+時間標籤	D	選項「資料+時間標籤」最符合題意，因此正確。	3	"[""DiscGenAI"", ""Noi""]"
L11401-Q061	L11	L11401	鑑別式AI與生成式AI的基本原理	Flow Glow 引入？	Actnorm+Invertible1x1	自注意	池化	卷積殘差	A	選項「Actnorm+Invertible1x1」最符合題意，因此正確。	3	"[""DiscGenAI"", ""Flo""]"
L11401-Q062	L11	L11401	鑑別式AI與生成式AI的基本原理	InfoMax GAN 目標？	降低FID	提升隱向量信息	增PSNR	減AUC	B	選項「提升隱向量信息」最符合題意，因此正確。	3	"[""DiscGenAI"", ""Inf""]"
L11401-Q063	L11	L11401	鑑別式AI與生成式AI的基本原理	Determinantal Point Process 在生成？	梯度裁剪	最大似然	促多樣性取樣	噪音封裝	C	選項「促多樣性取樣」最符合題意，因此正確。	3	"[""DiscGenAI"", ""Det""]"
L11401-Q064	L11	L11401	鑑別式AI與生成式AI的基本原理	Reverse KL 在 VAE？	減MSE	近似先驗	估計 P(x)	近似後驗	D	選項「近似後驗」最符合題意，因此正確。	3	"[""DiscGenAI"", ""Rev""]"
L11401-Q065	L11	L11401	鑑別式AI與生成式AI的基本原理	Gibbs Sampling 用於？	融合	卷積	注意力	馬可夫鏈生成	D	選項「馬可夫鏈生成」最符合題意，因此正確。	3	"[""DiscGenAI"", ""Gib""]"
L11401-Q066	L11	L11401	鑑別式AI與生成式AI的基本原理	GLO (Generative Latent Optimization) 不需要？	圖像	噪音	生成器梯度	潛向量	C	選項「生成器梯度」最符合題意，因此正確。	3	"[""DiscGenAI"", ""GLO""]"
L11401-Q067	L11	L11401	鑑別式AI與生成式AI的基本原理	Score Distillation Sampling 用於？	分類預測	文本到圖像	回歸	聚類	B	選項「文本到圖像」最符合題意，因此正確。	3	"[""DiscGenAI"", ""Sco""]"
L11402-Q001	L11	L11402	鑑別式AI與生成式AI的整合應用	資料增強時用 GAN 可？	移除雜訊	減少特徵	擴充訓練樣本	減少 GPU	C	選項「擴充訓練樣本」最符合題意，因此正確。	1	"[""DiscGenIntegration"", ""資料增""]"
L11402-Q002	L11	L11402	鑑別式AI與生成式AI的整合應用	RAG 系統組成包含檢索與？	聚類器	決策樹	生成回應模型	排序器	C	選項「生成回應模型」最符合題意，因此正確。	1	"[""DiscGenIntegration"", ""RAG""]"
L11402-Q003	L11	L11402	鑑別式AI與生成式AI的整合應用	生成式模型可降低標註成本因？	自動合成標記資料	去除驗證集	提升 FPS	減少記憶體	A	選項「自動合成標記資料」最符合題意，因此正確。	1	"[""DiscGenIntegration"", ""生成式""]"
L11402-Q004	L11	L11402	鑑別式AI與生成式AI的整合應用	使用 CNN 提取特徵後餵 GPT 生成敘述屬？	單一分類	單一生成	辨識+生成整合	純聚類	C	選項「辨識+生成整合」最符合題意，因此正確。	1	"[""DiscGenIntegration"", ""使用C""]"
L11402-Q005	L11	L11402	鑑別式AI與生成式AI的整合應用	在對話系統中分類器用途？	計算 checksum	檢測意圖再觸發生成	畫表格	壓縮訊息	B	選項「檢測意圖再觸發生成」最符合題意，因此正確。	1	"[""DiscGenIntegration"", ""在對話""]"
L11402-Q006	L11	L11402	鑑別式AI與生成式AI的整合應用	GAN 判別器可重用於？	排序演算法	語言翻譯	真偽檢測服務	FFT	C	選項「真偽檢測服務」最符合題意，因此正確。	1	"[""DiscGenIntegration"", ""GAN""]"
L11402-Q007	L11	L11402	鑑別式AI與生成式AI的整合應用	生成式資料合成常提升？	HDR	GPU 缺電	長尾類別性能	DNS latency	C	選項「長尾類別性能」最符合題意，因此正確。	1	"[""DiscGenIntegration"", ""生成式""]"
L11402-Q008	L11	L11402	鑑別式AI與生成式AI的整合應用	生成後由 BERT 做分類稱？	卷積融合	先驗生成	後驗鑑別	隨機森林	C	選項「後驗鑑別」最符合題意，因此正確。	1	"[""DiscGenIntegration"", ""生成後""]"
L11402-Q009	L11	L11402	鑑別式AI與生成式AI的整合應用	Deepfake 檢測管線含？	生成臉部 + 鑑別器	僅 VAE	僅 KNN	僅 FFT	A	選項「生成臉部 + 鑑別器」最符合題意，因此正確。	1	"[""DiscGenIntegration"", ""Dee""]"
L11402-Q010	L11	L11402	鑑別式AI與生成式AI的整合應用	Semi?supervised 方法常用？	只用測試集	全標注	全部排除	生成式輔助未標資料	D	選項「生成式輔助未標資料」最符合題意，因此正確。	1	"[""DiscGenIntegration"", ""Sem""]"
L11402-Q011	L11	L11402	鑑別式AI與生成式AI的整合應用	多模態 CLIP 先對比後？	壓縮	影像增亮	降噪	文本生成描述	D	選項「文本生成描述」最符合題意，因此正確。	1	"[""DiscGenIntegration"", ""多模態""]"
L11402-Q012	L11	L11402	鑑別式AI與生成式AI的整合應用	生成式翻譯系統的質量分級器屬？	資料湖	生成模組	鑑別模組	緩衝區	C	選項「鑑別模組」最符合題意，因此正確。	1	"[""DiscGenIntegration"", ""生成式""]"
L11402-Q013	L11	L11402	鑑別式AI與生成式AI的整合應用	GAN 用於資料隱私時鑑別器確保？	提高解析度	生成資料與原分布相似	減少 token	增加 latency	B	選項「生成資料與原分布相似」最符合題意，因此正確。	1	"[""DiscGenIntegration"", ""GAN""]"
L11402-Q014	L11	L11402	鑑別式AI與生成式AI的整合應用	Text?to?SQL 管線：生成 SQL 前需？	CNN feature	分類意圖範疇	GAN 噪聲	降維	B	選項「分類意圖範疇」最符合題意，因此正確。	1	"[""DiscGenIntegration"", ""Tex""]"
L11402-Q015	L11	L11402	鑑別式AI與生成式AI的整合應用	語音克隆後由 ASR 驗證準確性屬？	生成+鑑別閉環	純生成	純鑑別	MD5 檢核	A	選項「生成+鑑別閉環」最符合題意，因此正確。	1	"[""DiscGenIntegration"", ""語音克""]"
L11402-Q016	L11	L11402	鑑別式AI與生成式AI的整合應用	自動標題生成會先？	抽取關鍵句	計算 RL	做 K-means	跑 SVM	A	選項「抽取關鍵句」最符合題意，因此正確。	1	"[""DiscGenIntegration"", ""自動標""]"
L11402-Q017	L11	L11402	鑑別式AI與生成式AI的整合應用	資料去偏時先用分類器偵測偏差再用？	剪枝	生成調整句子	量化	池化	B	選項「生成調整句子」最符合題意，因此正確。	1	"[""DiscGenIntegration"", ""資料去""]"
L11402-Q018	L11	L11402	鑑別式AI與生成式AI的整合應用	強化學習對話模型常用鑑別 Reward Model？	評估輸出品質作回饋	訓練編碼器	裁剪網絡	調色盤	A	選項「評估輸出品質作回饋」最符合題意，因此正確。	1	"[""DiscGenIntegration"", ""強化學""]"
L11402-Q019	L11	L11402	鑑別式AI與生成式AI的整合應用	生成圖片後 ResNet 做何用途？	時間戳	降維重建	變分編碼	分類驗證	D	選項「分類驗證」最符合題意，因此正確。	1	"[""DiscGenIntegration"", ""生成圖""]"
L11402-Q020	L11	L11402	鑑別式AI與生成式AI的整合應用	OCR 系統使用生成補字+CNN 校正屬？	單鑑別	單生成	生成+鑑別混合	聚類	C	選項「生成+鑑別混合」最符合題意，因此正確。	1	"[""DiscGenIntegration"", ""OCR""]"
L11402-Q021	L11	L11402	鑑別式AI與生成式AI的整合應用	Diffusion 模型生成後用 CLIP score 作？	CPU解碼	升彩度	調解析	篩選最佳圖	D	選項「篩選最佳圖」最符合題意，因此正確。	1	"[""DiscGenIntegration"", ""Dif""]"
L11402-Q022	L11	L11402	鑑別式AI與生成式AI的整合應用	Edge 端小模型生成草稿後雲端大模型？	丟棄	重寫優化	排序	聚類	B	選項「重寫優化」最符合題意，因此正確。	1	"[""DiscGenIntegration"", ""Edg""]"
L11402-Q023	L11	L11402	鑑別式AI與生成式AI的整合應用	GANs for Data Aug 主要改善？	HDR	CPU效率	少樣本分類性能	DNS	C	選項「少樣本分類性能」最符合題意，因此正確。	2	"[""DiscGenIntegration"", ""GAN""]"
L11402-Q024	L11	L11402	鑑別式AI與生成式AI的整合應用	Two?stage VAE?GAN 管線第二階段做？	增清晰度	降對比	升PSNR	計算AUC	A	選項「增清晰度」最符合題意，因此正確。	2	"[""DiscGenIntegration"", ""Two""]"
L11402-Q025	L11	L11402	鑑別式AI與生成式AI的整合應用	生成式恢復影像+UNet 檢測腫瘤屬？	純分割	純診斷	前生成後鑑別	純生成	C	選項「前生成後鑑別」最符合題意，因此正確。	2	"[""DiscGenIntegration"", ""生成式""]"
L11402-Q026	L11	L11402	鑑別式AI與生成式AI的整合應用	使用生成 Mask 之 CutMix 方法屬於？	GAN對抗訓練	鑑別訓練資料增強	強化學習	蒸餾	B	選項「鑑別訓練資料增強」最符合題意，因此正確。	2	"[""DiscGenIntegration"", ""使用生""]"
L11402-Q027	L11	L11402	鑑別式AI與生成式AI的整合應用	StyleGAN 字體生成後 OCR fine?tune 稱？	Cueing	Zero?shot	Self?play	Synthetic?to?Real	D	選項「Synthetic?to?Real」最符合題意，因此正確。	2	"[""DiscGenIntegration"", ""Sty""]"
L11402-Q028	L11	L11402	鑑別式AI與生成式AI的整合應用	NER 使用 GPT 合成句子再 SVM 訓練？	主動學習	資料增強	壓縮模型	量化	B	選項「資料增強」最符合題意，因此正確。	2	"[""DiscGenIntegration"", ""NER""]"
L11402-Q029	L11	L11402	鑑別式AI與生成式AI的整合應用	生成式摘要系統常以 BERTScore 作？	重參數	純生成指標	鑑別評估	蒸餾損失	C	選項「鑑別評估」最符合題意，因此正確。	2	"[""DiscGenIntegration"", ""生成式""]"
L11402-Q030	L11	L11402	鑑別式AI與生成式AI的整合應用	TTS + ASR 組成訓練稱？	引導注意	對比學習	閉環學習	加權融合	C	選項「閉環學習」最符合題意，因此正確。	2	"[""DiscGenIntegration"", ""TTS""]"
L11402-Q031	L11	L11402	鑑別式AI與生成式AI的整合應用	Generative Replay 於 Continual Learning 用於？	調動態	提升HDR	壓縮權重	防遺忘	D	選項「防遺忘」最符合題意，因此正確。	2	"[""DiscGenIntegration"", ""Gen""]"
L11402-Q032	L11	L11402	鑑別式AI與生成式AI的整合應用	Knowledge Distillation 可用 Teacher =？	大型生成模型	小型 CNN	KNN	樸素貝葉斯	A	選項「大型生成模型」最符合題意，因此正確。	2	"[""DiscGenIntegration"", ""Kno""]"
L11402-Q033	L11	L11402	鑑別式AI與生成式AI的整合應用	自動資料標檢錯：先用 GPT 生成答案再？	池化	再生成	GAN 判別	規則分類比對	D	選項「規則分類比對」最符合題意，因此正確。	2	"[""DiscGenIntegration"", ""自動資""]"
L11402-Q034	L11	L11402	鑑別式AI與生成式AI的整合應用	Noise Student 迭代框架 Student 模型屬？	鑑別	生成	圖模型	強化	A	選項「鑑別」最符合題意，因此正確。	2	"[""DiscGenIntegration"", ""Noi""]"
L11402-Q035	L11	L11402	鑑別式AI與生成式AI的整合應用	反事實生成 + 分類器可以？	增HDR	提升解釋性	降PSNR	升FPS	B	選項「提升解釋性」最符合題意，因此正確。	2	"[""DiscGenIntegration"", ""反事實""]"
L11402-Q036	L11	L11402	鑑別式AI與生成式AI的整合應用	Zero?shot CLIP 類別拓展做法？	KD?tree	Label smoothing	Prompt Engineering (Gen)	FFT	C	選項「Prompt Engineering (Gen)」最符合題意，因此正確。	2	"[""DiscGenIntegration"", ""Zer""]"
L11402-Q037	L11	L11402	鑑別式AI與生成式AI的整合應用	圖生圖 (img2img) 負面 Prompt 用於？	控制生成品質	分類加速	聚類	降維	A	選項「控制生成品質」最符合題意，因此正確。	2	"[""DiscGenIntegration"", ""圖生圖""]"
L11402-Q038	L11	L11402	鑑別式AI與生成式AI的整合應用	GAN + Classifier Ensemble 投票目標？	增 FP	穩定對抗訓練	減 Speed	調 Gamma	B	選項「穩定對抗訓練」最符合題意，因此正確。	2	"[""DiscGenIntegration"", ""GAN""]"
L11402-Q039	L11	L11402	鑑別式AI與生成式AI的整合應用	RAG 中 retriever 屬鑑別功能因？	去噪	生成摘要	解碼	排名相關段落	D	選項「排名相關段落」最符合題意，因此正確。	2	"[""DiscGenIntegration"", ""RAG""]"
L11402-Q040	L11	L11402	鑑別式AI與生成式AI的整合應用	Voice Conversion 後 Speaker Verification 做？	embedding pooling	tokenization	身份鑑別	FFT	C	選項「身份鑑別」最符合題意，因此正確。	2	"[""DiscGenIntegration"", ""Voi""]"
L11402-Q041	L11	L11402	鑑別式AI與生成式AI的整合應用	生成對抗訓練 FairGAN 目標？	升 HDR	增 BLEU	降噪	減偏見	D	選項「減偏見」最符合題意，因此正確。	2	"[""DiscGenIntegration"", ""生成對""]"
L11402-Q042	L11	L11402	鑑別式AI與生成式AI的整合應用	Image Caption 強化學習用 CIDEr Reward 充當？	聚類分數	生成先驗	KNN距離	鑑別評分	D	選項「鑑別評分」最符合題意，因此正確。	2	"[""DiscGenIntegration"", ""Ima""]"
L11402-Q043	L11	L11402	鑑別式AI與生成式AI的整合應用	Self?Training 流程：模型預測?標後？	用該標籤重訓	捨棄	平均	量化	A	選項「用該標籤重訓」最符合題意，因此正確。	2	"[""DiscGenIntegration"", ""Sel""]"
L11402-Q044	L11	L11402	鑑別式AI與生成式AI的整合應用	Cascade GAN 產物逐層？	被下一判別器評估	直接輸出	分類	聚類	A	選項「被下一判別器評估」最符合題意，因此正確。	2	"[""DiscGenIntegration"", ""Cas""]"
L11402-Q045	L11	L11402	鑑別式AI與生成式AI的整合應用	生成式對話中 BERT Toxicity Classifier 用於？	FFT	增加 token	調 Pitch	過濾不當輸出	D	選項「過濾不當輸出」最符合題意，因此正確。	2	"[""DiscGenIntegration"", ""生成式""]"
L11402-Q046	L11	L11402	鑑別式AI與生成式AI的整合應用	Plug & Play 方法利用鑑別梯度？	引導生成方向	剪枝網路	升解析	降FPS	A	選項「引導生成方向」最符合題意，因此正確。	3	"[""DiscGenIntegration"", ""Plu""]"
L11402-Q047	L11	L11402	鑑別式AI與生成式AI的整合應用	GAN?based Defense 對抗攻擊管線？	生成修復+分類檢測	僅隨機噪音	LR Decay	卷積核	A	選項「生成修復+分類檢測」最符合題意，因此正確。	3	"[""DiscGenIntegration"", ""GAN""]"
L11402-Q048	L11	L11402	鑑別式AI與生成式AI的整合應用	DreamBooth 微調後使用 CLIP Filter 因？	移除瑕疵與不符	提升Speed	GPU8bit	HDR10+	A	選項「移除瑕疵與不符」最符合題意，因此正確。	3	"[""DiscGenIntegration"", ""Dre""]"
L11402-Q049	L11	L11402	鑑別式AI與生成式AI的整合應用	Meta?ICL 將生成式模型視為？	剪枝器	鑑別器選擇器	蒸餾源	池化器	B	選項「鑑別器選擇器」最符合題意，因此正確。	3	"[""DiscGenIntegration"", ""Met""]"
L11402-Q050	L11	L11402	鑑別式AI與生成式AI的整合應用	Diffusion Guidance by Classifier Grad 公式基於？	控制取樣分佈	最小 PSNR	最大 IoU	最小 FID	A	選項「控制取樣分佈」最符合題意，因此正確。	3	"[""DiscGenIntegration"", ""Dif""]"
L11402-Q051	L11	L11402	鑑別式AI與生成式AI的整合應用	Generative Adversarial Imitation Learning 中 Reward 取得由？	手動設計	鑑別器輸出	隨機	值函數	B	選項「鑑別器輸出」最符合題意，因此正確。	3	"[""DiscGenIntegration"", ""Gen""]"
L11402-Q052	L11	L11402	鑑別式AI與生成式AI的整合應用	JFT?300M 合成資料提升分類顯示？	HDR	梯度爆	生成數據規模效應	DNS	C	選項「生成數據規模效應」最符合題意，因此正確。	3	"[""DiscGenIntegration"", ""JFT""]"
L11402-Q053	L11	L11402	鑑別式AI與生成式AI的整合應用	"Joint Embedding Models (e.g., CLIP) 結合？"	Dice	GAN Loss	MSE+KL	對比損失=鑑別目標	D	選項「對比損失=鑑別目標」最符合題意，因此正確。	3	"[""DiscGenIntegration"", ""Joi""]"
L11402-Q054	L11	L11402	鑑別式AI與生成式AI的整合應用	Stable Diffusion 文本控制 Inpainting 依靠？	GAN D	CNN Padding	RNN Gate	Mask 鑑別條件	D	選項「Mask 鑑別條件」最符合題意，因此正確。	3	"[""DiscGenIntegration"", ""Sta""]"
L11402-Q055	L11	L11402	鑑別式AI與生成式AI的整合應用	多任務框架用共享生成器+專屬分類頭目標？	增加色深	提升 HDR	降低噪點	參數效率	D	選項「參數效率」最符合題意，因此正確。	3	"[""DiscGenIntegration"", ""多任務""]"
L11402-Q056	L11	L11402	鑑別式AI與生成式AI的整合應用	CycleGAN 用於資料增強後需？	KMeans	多頭注意	Classifier 適應域校正	PSNR計算	C	選項「Classifier 適應域校正」最符合題意，因此正確。	3	"[""DiscGenIntegration"", ""Cyc""]"
L11402-Q057	L11	L11402	鑑別式AI與生成式AI的整合應用	RLHF 的 Reward Model 本質？	鑑別式品質評分器	生成器	值函數 Q	Actor	A	選項「鑑別式品質評分器」最符合題意，因此正確。	3	"[""DiscGenIntegration"", ""RLH""]"
L11402-Q058	L11	L11402	鑑別式AI與生成式AI的整合應用	生成式逆向工程雷射顯著區域再由？	SVD	KD?tree	FFT	Grad?CAM 鑑別	D	選項「Grad?CAM 鑑別」最符合題意，因此正確。	3	"[""DiscGenIntegration"", ""生成式""]"
L11402-Q059	L11	L11402	鑑別式AI與生成式AI的整合應用	GAN + Reinforcement Loop 透過？	判別結果當獎勵	policy gradient 控制 D	actor critic 共享權重	rollout	A	選項「判別結果當獎勵」最符合題意，因此正確。	3	"[""DiscGenIntegration"", ""GAN""]"
L11402-Q060	L11	L11402	鑑別式AI與生成式AI的整合應用	Language?Vision QA 系統管線？	僅檢索	僅分類	僅生成	生成答案+鑑別驗證	D	選項「生成答案+鑑別驗證」最符合題意，因此正確。	3	"[""DiscGenIntegration"", ""Lan""]"
L11402-Q061	L11	L11402	鑑別式AI與生成式AI的整合應用	Training Generative Classifier 需平衡？	HDR	樣本多樣與邊界清晰	FPS	Ping	B	選項「樣本多樣與邊界清晰」最符合題意，因此正確。	3	"[""DiscGenIntegration"", ""Tra""]"
L11402-Q062	L11	L11402	鑑別式AI與生成式AI的整合應用	Diffusion Prior 為？	分類投影	生成潛向量供鑑別解碼	聚類中心	卷積特徵	B	選項「生成潛向量供鑑別解碼」最符合題意，因此正確。	3	"[""DiscGenIntegration"", ""Dif""]"
L11402-Q063	L11	L11402	鑑別式AI與生成式AI的整合應用	VQ?GAN 編碼器輸出 Token 再？	RNN翻譯	分類器篩選重組	A*搜索	最短路	B	選項「分類器篩選重組」最符合題意，因此正確。	3	"[""DiscGenIntegration"", ""VQG""]"
L11402-Q064	L11	L11402	鑑別式AI與生成式AI的整合應用	Contrastive Captioning: 先生成多句再？	BLEU平均	鑑別排名	FID計算	PSNR	B	選項「鑑別排名」最符合題意，因此正確。	3	"[""DiscGenIntegration"", ""Con""]"
L11402-Q065	L11	L11402	鑑別式AI與生成式AI的整合應用	NeRF + Pose Estimation 整合可？	圖像分割快	即時攝影機定位	Upscale	HDR	B	選項「即時攝影機定位」最符合題意，因此正確。	3	"[""DiscGenIntegration"", ""NeR""]"
L11402-Q066	L11	L11402	鑑別式AI與生成式AI的整合應用	GAN Watermark 由？	生成器後門	鑑別器嵌入信號	卷積偏置	FFT噪點	B	選項「鑑別器嵌入信號」最符合題意，因此正確。	3	"[""DiscGenIntegration"", ""GAN""]"
L11402-Q067	L11	L11402	鑑別式AI與生成式AI的整合應用	Prompt?based Adversarial Tuning 透過？	量化8bit	剪枝 token	鑑別損失引導提示	hash	C	選項「鑑別損失引導提示」最符合題意，因此正確。	3	"[""DiscGenIntegration"", ""Pro""]"
L11101-Q001	L11	L11101	AI的定義與分類	以下哪一項最能描述「人工智慧（AI）」的核心目標？	僅執行硬體驅動程式	提供靜態資料儲存空間	讓機器具備自主學習與推理能力	壓縮影音檔案體積	C	AI 的宗旨是使系統能在未知情境中自行學習並做出推論與決策。	1	"[""AI 定義"", ""自主學習""]"
L11101-Q002	L11	L11101	AI的定義與分類	『弱 AI（Weak AI）』又常被稱為？	超人工智慧（ASI）	強 AI（Strong AI）	通用 AI（AGI）	窄域 AI（Narrow AI）	D	弱 / 窄域 AI 針對單一領域或任務運作，與能跨領域推理的通用 AI 相對。	1	"[""弱 AI"", ""窄域 AI""]"
L11101-Q003	L11	L11101	AI的定義與分類	提出『圖靈測試（Turing Test）』以檢驗機器是否具備智能的科學家是？	艾倫‧圖靈（Alan Turing）	馬文‧明斯基（Marvin Minsky）	傑弗瑞‧辛頓（Geoffrey Hinton）	安德魯‧恩（Andrew Ng）	A	艾倫‧圖靈於 1950 年提出用模擬對話判別機器是否能展現與人類無異的智能行為。	1	"[""圖靈測試"", ""歷史""]"
L11101-Q004	L11	L11101	AI的定義與分類	下列哪個年代被稱為第一次 AI 熱潮（AI Spring）？	1970–1980 年代	1950–1960 年代	1990–2000 年代	2010 年以後	B	符號式推理與早期專家系統研究在 1950–1960 年代掀起第一次 AI 熱潮。	1	"[""AI 歷史"", ""第一次熱潮""]"
L11101-Q005	L11	L11101	AI的定義與分類	能在多種領域展現類似人類水準能力的 AI 稱為？	狹域 AI	通用 AI（AGI）	類神經 AI	嵌入式 AI	B	AGI = Artificial General Intelligence，目標是跨領域推理與學習。	1	"[""AGI"", ""分類""]"
L11101-Q006	L11	L11101	AI的定義與分類	下列哪一項不屬於 AI 系統常見的三大面向？	感知（Perception）	推理（Reasoning）	行動（Action）	插值（Interpolation）	D	插值屬數值分析術語，並非 AI 能力面向常見分類。	1	"[""能力面向""]"
L11101-Q007	L11	L11101	AI的定義與分類	『專家系統（Expert System）』主要採用何種 AI 方法？	深度強化學習	符號式規則推理	生成對抗網路	進化計算	B	專家系統透過知識庫與規則庫進行符號式推理判斷。	1	"[""專家系統"", ""符號式 AI""]"
L11101-Q008	L11	L11101	AI的定義與分類	依據學習方式不同，將 AI 劃分為符號式 AI 與______。	機械控制	統計圖模型	計算智能（Computational Intelligence）	雲端運算	C	計算智能仰賴大量資料自動學習，與以專家規則為主的符號式 AI 相對。	1	"[""分類"", ""計算智能""]"
L11101-Q009	L11	L11101	AI的定義與分類	下列何者最常被視為『AI 計算三要素』之一？	紙張（Paper）	資料（Data）	水冷系統	寬頻網路	B	AI 發展依賴資料、演算法、運算力三要素。	1	"[""AI 要素""]"
L11101-Q010	L11	L11101	AI的定義與分類	機器學習（ML）與傳統程式設計最大差異在於？	ML 無需資料	ML 從資料中自動學得規則	傳統程式能自行調參數	ML 只能處理文字	B	ML 將『規則』的產生交給電腦透過數據歸納完成。	1	"[""ML"", ""定義""]"
L11101-Q011	L11	L11101	AI的定義與分類	下列 AI 分類中，何者依『智能水準』區分？	符號式 vs 計算智能	監督式 vs 非監督式學習	弱 AI vs 強 AI	黑盒 vs 白盒模型	C	弱 / 強 AI 依智能表現範圍與深度區分。	1	"[""分類"", ""智能水準""]"
L11101-Q012	L11	L11101	AI的定義與分類	人工智慧一詞最早由誰在 1956 年提出？	唐納德‧赫布	艾倫‧圖靈	赫伯特‧賴特	約翰‧麥卡錫（John McCarthy）	D	John McCarthy 在達特茅斯會議上首次提出 Artificial Intelligence 名稱。	1	"[""AI 歷史""]"
L11101-Q013	L11	L11101	AI的定義與分類	下列哪一個比喻常用來解釋人工神經網路的運作？	行星公轉	水循環系統	人腦的神經元連結	機械槓桿效應	C	神經網路以人腦突觸連接為靈感，透過權重調整學習模式。	1	"[""神經網路""]"
L11101-Q014	L11	L11101	AI的定義與分類	在 AI 分類中，將『感知 ? 認知 ? 行動』視為流程的架構稱為？	TCP/IP	ETL	Sense?Think?Act	CRUD	C	Sense?Think?Act 架構描述機器智能的三階段。	1	"[""流程""]"
L11101-Q015	L11	L11101	AI的定義與分類	下列何者不是人工智慧的常見應用領域？	自動駕駛	語音識別	手動鉛筆削	電子郵件過濾	C	手動削鉛筆沒有自動化智能參與。	1	"[""應用""]"
L11101-Q016	L11	L11101	AI的定義與分類	依是否具『自我意識』區分，哪一類 AI 被視為尚未實現？	反應型機器（Reactive Machine）	有限記憶機器	心智理論機器	專家系統	C	心智理論（Theory of Mind）AI 尚屬理論階段。	1	"[""分類"", ""自我意識""]"
L11101-Q017	L11	L11101	AI的定義與分類	提出『AI 冬天』一詞以描述研發低潮的常見原因不包括？	期望過高與資金不足	硬體算力限制	演算法停滯	軟體授權費用過低	D	軟體授權與 AI 冬天關聯性低。	1	"[""AI 冬天""]"
L11101-Q018	L11	L11101	AI的定義與分類	最早利用邏輯規則演繹做自動定理證明的程式為？	Deep Blue	Logic Theorist	AlphaGo	ELIZA	B	Logic Theorist 於 1955 年開發，被視為第一個 AI 程式。	1	"[""歷史"", ""定理證明""]"
L11101-Q019	L11	L11101	AI的定義與分類	若按『資料輸入／輸出』功能，AI 系統可區分為感測、推理與？	散熱排氣	網路交換	執行致能（Actuation）	磁碟備份	C	感知後需動作致能 (Actuation) 才能影響環境。	1	"[""功能""]"
L11101-Q020	L11	L11101	AI的定義與分類	下列關於「強 AI（Strong AI）」的敘述，何者正確？	僅適合單一任務	能在任務中表現勝過人類且具有意識	必須使用符號式方法	不能進行自我學習	B	強 AI 強調具意識與通用推理能力，目前仍屬研究目標。	1	"[""強 AI""]"
L11101-Q021	L11	L11101	AI的定義與分類	AI 的『黑盒（Black Box）』問題主要指？	視覺介面全暗	程式碼使用黑底	硬體機箱顏色	模型決策過程缺乏可解釋性	D	複雜模型如深度網路難以說明內部推論機制。	1	"[""可解釋性""]"
L11101-Q022	L11	L11101	AI的定義與分類	『Good?old?fashioned AI（GOFAI）』主要指？	深度學習	符號式 AI	進化計算	量子 AI	B	GOFAI 以符號與邏輯規則為核心。	1	"[""GOFAI"", ""符號式""]"
L11101-Q023	L11	L11101	AI的定義與分類	下列哪一組名詞依序對應『弱 AI、強 AI、超人工智慧（ASI）』？	超人類智慧／窄域 AI／通用 AI	通用 AI／窄域 AI／超人類智慧	窄域 AI／超人類智慧／通用 AI	窄域 AI／通用 AI／超人類智慧	D	弱=窄域、強=通用、ASI=超人類智慧階段。	2	"[""分類""]"
L11101-Q024	L11	L11101	AI的定義與分類	以下哪個敘述最能區分『符號式 AI』與『機器學習導向 AI』？	符號式 AI 一定使用 GPU	兩者均不需要資料	一者依賴專家規則，另一者依賴數據歸納	機器學習完全不需特徵工程	C	符號式 AI 人工編碼規則；機器學習透過資料自動學習。	2	"[""符號式"", ""ML""]"
L11101-Q025	L11	L11101	AI的定義與分類	假設一系統能在自然語言對話中騙過 30% 以上受測者，其通過的衡量標準最接近？	BLEU 分數	圖靈測試	蒙地卡羅樹搜尋	貝葉斯最佳化	B	圖靈測試以模擬對話判斷機器智能。	2	"[""圖靈測試""]"
L11101-Q026	L11	L11101	AI的定義與分類	下列哪種分類方法基於『可否產生新資料』區分 AI？	黑盒 vs 白盒	弱 vs 強	符號式 vs 連接式	鑑別式 vs 生成式	D	生成式模型能合成新樣本，鑑別式僅做判別。	2	"[""生成式"", ""鑑別式""]"
L11101-Q027	L11	L11101	AI的定義與分類	『連接主義（Connectionism）』AI 方法主要靈感來源為？	量子疊加	符號邏輯演算	遺傳遺傳學	生物神經系統	D	連接主義以人腦神經元連結為啟發。	2	"[""連接主義""]"
L11101-Q028	L11	L11101	AI的定義與分類	AlphaGo 的成功主要歸功於深度神經網路結合哪種技術？	KNN 演算法	遺傳演算法	蒙地卡羅樹搜尋（MCTS）	短路神經迴路	C	AlphaGo 使用卷積網路 + MCTS 估值搜索。	2	"[""AlphaGo""]"
L11101-Q029	L11	L11101	AI的定義與分類	在 AI 系統評估中，常以『性能?解釋性』兩軸比較模型；下列何者通常性能高但解釋性低？	線性迴歸	決策樹	深度神經網路	邏輯回歸	C	深度網路屬黑盒、性能優異。	2	"[""性能"", ""可解釋""]"
L11101-Q030	L11	L11101	AI的定義與分類	將 AI 依實體形態分為『軟體智能』與『______』。	實體機器人	雲端服務	智慧演算法	人機介面	A	具物理交互能力的 AI 被歸在機器人領域。	2	"[""形態""]"
L11101-Q031	L11	L11101	AI的定義與分類	哪一項能力最能體現廣義 AI 中的『自適應（Adaptation）』？	定時重啟作業系統	硬體風扇自動調速	模型可根據新資料在線更新	儲存空間自動壓縮	C	自適應指 AI 能自我學習調整行為。	2	"[""自適應""]"
L11101-Q032	L11	L11101	AI的定義與分類	在歷史發展上，『深度學習（Deep Learning）』突破的關鍵因素不包括？	大數據的可取得性	GPU 運算能力提升	改良的反向傳播演算法	量子計算普及	D	量子計算尚未成深度學習主流。	2	"[""深度學習"", ""時代""]"
L11101-Q033	L11	L11101	AI的定義與分類	若一 AI 系統可自動從環境獎勵學習策略，通常歸類於？	強化學習導向 AI	符號式推理	無監督分群	專家系統	A	強調與環境互動的為強化學習。	2	"[""分類"", ""RL""]"
L11101-Q034	L11	L11101	AI的定義與分類	在 AI 技能金字塔中，位於最底層、負責原始訊號輸入的層次是？	操控層	認知層	規劃層	感知層	D	感知層負責接收視覺、聽覺等訊號。	2	"[""技能金字塔""]"
L11101-Q035	L11	L11101	AI的定義與分類	『人工智慧』、『機器學習』與『深度學習』的關係，以下何者正確？	深度學習 與 人工智慧 無交集	機器學習 ? 深度學習 ? 人工智慧	人工智慧 ? 機器學習 ? 深度學習	深度學習 ? 機器學習 ? 人工智慧	D	深度學習為 ML 子集，ML 又為 AI 子集。	2	"[""關係""]"
L11101-Q036	L11	L11101	AI的定義與分類	AI 模型可解釋性（Explainability）研究的主要目的為？	讓人類理解模型決策邏輯	提高 GPU 算速	壓縮模型檔案	降低網路延遲	A	可解釋性有助信任與法規遵循。	2	"[""可解釋性""]"
L11101-Q037	L11	L11101	AI的定義與分類	布魯克斯（Rodney Brooks）提倡的『行動式機器人』強調？	從感知直接映射行動，弱化內部符號推理	增強邏輯規則庫	使用大型語言模型	僅限模擬環境	A	行動式機器人以 subsumption 架構實現反應式控制。	2	"[""行動式""]"
L11101-Q038	L11	L11101	AI的定義與分類	將 AI 系統分為『知覺智能』與『認知智能』主要依據？	處理資訊層級	硬體品牌	能源效率	程式語言	A	知覺負責感官輸入，認知處理推理決策。	2	"[""分層""]"
L11101-Q039	L11	L11101	AI的定義與分類	若 AI 可生成小說與詩詞，其主要表現了哪種智能？	創造智能（Creative Intelligence）	社交智能	體能智能	情緒智能	A	創造智能指合成原創內容的能力。	2	"[""創造智能""]"
L11101-Q040	L11	L11101	AI的定義與分類	下列何者用來衡量對話 AI 是否能持續維持主題、避免答非所問？	語境一致性（Context Coherence）	召回率	真實度分數	FLOPS	A	語境一致性是衡量語言智能的重要指標。	2	"[""評估"", ""對話""]"
L11101-Q041	L11	L11101	AI的定義與分類	在 AI 歷史中，ELIZA 被視為語言理解里程碑，其主要技術是？	隨機森林分類	深度神經網路	基於模式匹配的對話腳本	蒙地卡羅搜索	C	ELIZA 使用簡易規則與關鍵字匹配。	2	"[""ELIZA"", ""歷史""]"
L11101-Q042	L11	L11101	AI的定義與分類	『智慧爆炸（Intelligence Explosion）』假說與哪位科學家關聯最深？	J. McCarthy	I. J. Good	J. Schmidhuber	A. Newell	B	Good 在 1965 年提出自我完善 AI 可能帶來智慧爆炸。	2	"[""ASI"", ""爆炸""]"
L11101-Q043	L11	L11101	AI的定義與分類	若 AI 系統能同時聽懂指令並執行家電控制，屬於哪種智能整合？	多模態智能	單模態感知	脫機推理	強符號 AI	A	多模態整合語音、視覺、動作等多種訊號。	2	"[""多模態""]"
L11101-Q044	L11	L11101	AI的定義與分類	CRISP?DM 與 AI 定義關係最接近於？	定義 AI 智能層次	描述 AI 專案之資料挖掘流程	量化 AI 性能	比較 AI 模型大小	B	CRISP-DM 用於資料科學/AI 專案流程框架。	2	"[""CRISP-DM""]"
L11101-Q045	L11	L11101	AI的定義與分類	若用『AI 三角形』說明 AI 要件，下列不是其中之一？	演算法	資料	運算力	使用者介面	D	UI 為應用層議題，非 AI 基本要素。	2	"[""三要素""]"
L11101-Q046	L11	L11101	AI的定義與分類	一家公司宣稱其聊天機器人已達『一般人工智慧（AGI）』水準，以下哪一組測試最具說服力地驗證此宣稱？	能夠自動編寫 SQL 查詢	單一語料庫精確率提升到 99%	通過單次圖靈測試	多領域問答、跨模態推理、未知任務即時學習表現	D	AGI 應展現跨領域、即時適應與綜合推理能力，而非單一指標。	3	"[""驗證"", ""AGI""]"
L11101-Q047	L11	L11101	AI的定義與分類	『中國房間（Chinese Room）』思想實驗挑戰 AI 的哪項特性？	記憶容量	運算速度	理解與意識	能源效率	C	約翰‧希爾勒以中國房間質疑語言操縱≠真正理解。	3	"[""哲學"", ""中國房間""]"
L11101-Q048	L11	L11101	AI的定義與分類	以下哪一個現象最能說明『符號接地（Symbol Grounding）』問題？	深度網路梯度消失	GPU 計算誤差	語言模型可生成語句但缺乏對現實世界真實對應	資料庫鎖死	C	未與感官經驗連結的符號無法真正承載意義。	3	"[""符號接地""]"
L11101-Q049	L11	L11101	AI的定義與分類	若深度網路在訓練資料外表現極差，除了過擬合外，還可能因為？	GPU 時脈過高	模型容量不足	資料分佈轉移（Distribution Shift）	資料標籤錯誤率為 0	C	分佈轉移導致模型無法泛化至新樣本。	3	"[""分佈轉移""]"
L11101-Q050	L11	L11101	AI的定義與分類	以下哪種指標最適合用來量化語言模型的『語義一致性』？	AUC	FLOPS	MSE	BERTScore	D	BERTScore 透過語義嵌入衡量句意相似度。	3	"[""評估"", ""語義""]"
L11101-Q051	L11	L11101	AI的定義與分類	『Moravec 悖論』對 AI 發展的啟示為何？	AI 無法下棋	人類感覺運動技能難以自動化，而邏輯推理反較易	AI 必須模擬人腦結構	法律限制 AI 發展	B	感知運動需要龐雜隱含計算，突顯人類直覺難度。	3	"[""Moravec"", ""悖論""]"
L11101-Q052	L11	L11101	AI的定義與分類	若要設計可同時處理語音、文本與影像的 AI 模型，首要挑戰是？	對齊不同模態的表徵空間（Alignment）	增加硬碟容量	降低螢幕亮度	改用 UDP 協定	A	跨模態對齊確保語音與影像在同一語意向量空間。	3	"[""多模態"", ""對齊""]"
L11101-Q053	L11	L11101	AI的定義與分類	將 AI 技能分級為『自動化』、『增強』與『自主』三層，完全無需人類介入決策的層級稱為？	自主層	自動化層	增強層	互動層	A	自主層指出 AI 完全負責決策與行動。	3	"[""技能層次""]"
L11101-Q054	L11	L11101	AI的定義與分類	下列哪種學派主張 AI 不需要符號推理即可達成智能？	符號主義	連接主義	計算主義	物理符號系統假說	B	連接主義依賴分散連結權重，不強調顯式符號。	3	"[""學派""]"
L11101-Q055	L11	L11101	AI的定義與分類	DeepMind 提出的『Gato』模型旨在展示？	最低功耗的 RNN	最快的 CNN 推斷速度	單一模型可在多任務多模態間泛化	最大參數量	C	Gato 證明 transformers 可多領域跨任務。	3	"[""Gato"", ""泛化""]"
L11101-Q056	L11	L11101	AI的定義與分類	如果 AI 系統能在新任務上僅看少量樣本即學會，則此能力被稱為？	強化學習	少樣本學習（Few?shot Learning）	聚類分析	零知識證明	B	Few-shot 能從極少數範例泛化。	3	"[""Few-shot""]"
L11101-Q057	L11	L11101	AI的定義與分類	『物理符號系統假說』認為______是具備一般智能的必要且充分條件。	操作符號的物理系統	深度神經網路	進化機制	量子計算	A	Newell & Simon 的假說強調符號操作重要性。	3	"[""哲學"", ""符號系統""]"
L11101-Q058	L11	L11101	AI的定義與分類	假設一語言模型產生帶偏見內容，最有效的源頭緩解方法是？	刪除使用者	在訓練資料階段進行去偏（Debiasing）	增加 GPU 算力	降低學習率	B	資料層面處理才能根本減少偏見。	3	"[""倫理"", ""偏見""]"
L11101-Q059	L11	L11101	AI的定義與分類	AI 安全領域提到的『值對齊（Value Alignment）』問題主要關注？	確保 AI 行為符合人類價值	提高模型計算速度	限制記憶體使用	增加數據集體量	A	值對齊避免 AI 偏離社會與道德期望。	3	"[""AI 安全"", ""Alignment""]"
L11101-Q060	L11	L11101	AI的定義與分類	若 AI 模型能夠自行產生新目標並學習達成，代表達到了哪種學習等級？	自主目標生成（Self?motivated Learning）	監督學習	K-Means 分群	ELM	A	自主動機學習為更高階智能特徵。	3	"[""學習階段""]"
L11101-Q061	L11	L11101	AI的定義與分類	以下哪一種框架用來量化 AI 系統對人類造成的潛在危害與受益？	ROC 曲線	AI 風險?效益分析矩陣	A/B 測試	梯度檢查	B	風險+效益矩陣協助政策制定。	3	"[""風險"", ""評估""]"
L11101-Q062	L11	L11101	AI的定義與分類	在討論超人工智慧（ASI）時，『控制問題（Control Problem）』指？	控制記憶體使用率	如何提高控制器溫度	如何控制模型大小	如何確保遠超人類智能的 AI 仍可被安全管控	D	ASI 若不受控可能帶來存在性風險。	3	"[""ASI"", ""控制問題""]"
L11101-Q063	L11	L11101	AI的定義與分類	以下哪一個論證支持「大腦即計算」的觀點？	計算主義（Computationalism）	行動本體論	唯名論	心靈?身體二元論	A	計算主義主張心智等同於數位計算過程。	3	"[""哲學"", ""計算主義""]"
L11101-Q064	L11	L11101	AI的定義與分類	對比『黑盒模型』，若模型結構與權重可被完全觀察並解釋，稱為？	白盒模型	灰盒模型	藍盒模型	隱盒模型	A	白盒模型具可解釋透明性。	3	"[""可解釋性""]"
L11101-Q065	L11	L11101	AI的定義與分類	在 AI 系統設計中，『符號?連接混合架構』的潛在優勢是？	完全避免訓練資料	兼具邏輯推理與感知學習優點	不需要硬體加速	模型參數固定不變	B	混合 AI 可整合解釋性與資料驅動特性。	3	"[""混合架構""]"
L11101-Q066	L11	L11101	AI的定義與分類	若 AI 系統能針對未來隨機事件進行策略規劃，最接近哪種智能？	被動反應智能	感知智能	機械智能	預測與規劃智能	D	高階智能包括長期規劃能力。	3	"[""預測"", ""規劃""]"
L11101-Q067	L11	L11101	AI的定義與分類	要驗證 AI 是否具備『意識（Consciousness）』，目前面臨的最大科學挑戰是？	缺乏客觀可測指標	GPU 不足	記憶體不足	缺少開源框架	A	意識屬主觀經驗，難以量化測量。	3	"[""心靈哲學"", ""意識""]"
L11102-Q001	L11	L11102	AI治理概念	AI 治理（AI Governance）的核心目標是確保 AI 系統 ________。	運算速度最快	安全可靠且符合法規	成本最低	能自我複製	B	AI 治理聚焦安全、可靠、符合倫理與法規。	1	"[""AI治理"", ""目標""]"
L11102-Q002	L11	L11102	AI治理概念	在 OECD 的 AI 原則中，要求 AI 系統應『以人為本』，這主要關注______。	提高 GPU 效率	尊重人權與福祉	降低網路延遲	增加行銷點擊率	B	Human?Centric 強調尊重基本權利與福祉。	1	"[""OECD"", ""Human-Centric""]"
L11102-Q003	L11	L11102	AI治理概念	以下哪一項屬於 AI 治理框架常見的主題？	像素渲染	可解釋性（Explainability）	資料壓縮演算法	視訊播放器	B	Explainability 是治理重點之一。	1	"[""可解釋性"", ""框架""]"
L11102-Q004	L11	L11102	AI治理概念	要確保 AI 決策可追溯，一般需要保存______。	螢幕分辨率	空調溫度	鍵盤佈局	模型版本與日誌	D	保存日誌與版本可進行事後審計。	1	"[""追溯性""]"
L11102-Q005	L11	L11102	AI治理概念	以下哪個組織發布了『可信賴 AI（Trustworthy AI）』指南？	歐盟（EU）	世貿組織	國際奧委會	NASA	A	EU HLEG 發布可信賴 AI 指南 (2019)。	1	"[""EU"", ""Trustworthy""]"
L11102-Q006	L11	L11102	AI治理概念	資料最小化（Data Minimization）原則旨在______。	僅蒐集必要資料	增加資料維度	重複儲存備份	刪除所有元資料	A	GDPR 強調只收集達成目的所需資料。	1	"[""資料最小化""]"
L11102-Q007	L11	L11102	AI治理概念	AI 偏見（Bias）最常源自於______。	螢幕閃爍	電池老化	訓練資料不平衡	CSS 樣式錯誤	C	資料偏差導致模型偏見。	1	"[""偏見"", ""資料""]"
L11102-Q008	L11	L11102	AI治理概念	以下哪一項屬於『負責任 AI（Responsible AI）』的實踐？	禁止外部審查	隱藏演算法準則	對外公開模型使用限制	忽略使用者投訴	C	透明度與責任歸屬是負責任 AI 關鍵。	1	"[""Responsible AI""]"
L11102-Q009	L11	L11102	AI治理概念	確保 AI 系統保護個人隱私的技術不包括______。	資料去識別化	同態加密	螢幕保護程式	差分隱私	C	前三者均為隱私保護技術。	1	"[""隱私"", ""技術""]"
L11102-Q010	L11	L11102	AI治理概念	AI 治理的『問責制（Accountability）』要求______。	有人對錯誤負責並可追究	增加硬體 RAM	刪除日誌	使用者匿名	A	問責制確保責任可追溯。	1	"[""問責制""]"
L11102-Q011	L11	L11102	AI治理概念	在 AI 專案中設置『AI Ethics Board』的主要目的是？	監督倫理風險	優化 SQL 查詢	減少 API 呼叫	設定螢幕亮度	A	倫理委員會負責識別及緩解風險。	1	"[""倫理委員會""]"
L11102-Q012	L11	L11102	AI治理概念	透明度（Transparency）在 AI 治理中特指？	網頁背景透明	顯示器通透度	揭露模型與資料使用方式	降低顏色飽和度	C	透明度讓利害關係人了解 AI 系統。	1	"[""透明度""]"
L11102-Q013	L11	L11102	AI治理概念	以下哪一項屬於『資料治理（Data Governance）』範疇？	滑鼠靈敏度	編輯器字體設定	按鈕配色	資料品質管理	D	資料品質、主數據管理均屬資料治理。	1	"[""資料治理""]"
L11102-Q014	L11	L11102	AI治理概念	如果 AI 系統違反 GDPR，監管機構可處以的罰款上限通常以什麼為基準？	模型大小	固定 1 萬歐元	GPU 數量	全球營收百分比	D	"GDPR 可罰 4% 全球年營收或 2,000 萬歐元。"	1	"[""GDPR"", ""罰款""]"
L11102-Q015	L11	L11102	AI治理概念	AI 治理常提到的『三道防線』第一道通常是______。	業務部門自我檢核	外部審計	監管機構	使用者社群	A	第一道防線為業務單位風險自管。	1	"[""三道防線""]"
L11102-Q016	L11	L11102	AI治理概念	在 AI 治理流程中，『風險評估』應於何時進行？	整個生命週期都要進行	僅在模型訓練後	僅在上線前	僅在報廢時	A	持續性評估才能動態管控風險。	1	"[""風險評估""]"
L11102-Q017	L11	L11102	AI治理概念	歐盟 AI Act 根據風險將系統分為禁止、高風險、______、最低風險。	臨界風險	無風險	極高風險	有限風險	D	"四級：Prohibited, High, Limited, Minimal。"	1	"[""EU AI Act""]"
L11102-Q018	L11	L11102	AI治理概念	下列哪項做法有助於提升 AI 模型的公平性（Fairness）？	增加層數	移除日誌	降低解析度	重新取樣平衡資料	D	平衡資料可降低偏見。	1	"[""公平性""]"
L11102-Q019	L11	L11102	AI治理概念	大多數 AI 治理框架均強調『人類監督（Human Oversight）』，是為了？	提高記憶體	保留最終決策權	壓縮圖片	縮短網路線	B	確保人類能介入修正不當行為。	1	"[""Human Oversight""]"
L11102-Q020	L11	L11102	AI治理概念	在 AI 透明度報告中，通常不需要披露？	使用者螢幕尺寸	演算法來源與版本	資料類型	模型限制	A	螢幕尺寸與模型無關。	1	"[""報告"", ""透明度""]"
L11102-Q021	L11	L11102	AI治理概念	AI 治理框架常見的 PDCA 循環，C 代表？	Create	Check	Cancel	Compute	B	PDCA: Plan?Do?Check?Act。	1	"[""PDCA""]"
L11102-Q022	L11	L11102	AI治理概念	『Explainable AI (XAI)』的目標不包括？	提高模型神祕感	增進使用者信任	支援法規合規	協助 debug	A	XAI 旨在解釋，而非增加神祕。	1	"[""XAI""]"
L11102-Q023	L11	L11102	AI治理概念	ISO/IEC 42001 標準主要針對何項 AI 治理議題？	使用者介面設計	視覺辨識精度	硬體電源管理	AI 管理系統框架	D	ISO/IEC 42001 提供 AI 管理系統要求與指引。	2	"[""ISO"", ""AI MS""]"
L11102-Q024	L11	L11102	AI治理概念	在 NIST AI 風險管理框架 (RMF) 中，用於『評估』風險的核心功能是哪一個？	Map	Govern	Measure	Manage	C	"RMF 包含 Map, Measure, Manage, Govern 四功能。"	2	"[""NIST"", ""RMF""]"
L11102-Q025	L11	L11102	AI治理概念	以下哪種方法可用於?明判斷模型輸出對輸入特徵的敏感度，以支持可解釋性？	SHAP 值	Dropout	BatchNorm	Data Augmentation	A	SHAP 屬解釋方法，衡量特徵貢獻度。	2	"[""SHAP"", ""Explainability""]"
L11102-Q026	L11	L11102	AI治理概念	歐盟 AI Act 對高風險系統要求『CE 標誌』以示 ______。	價格合理	符合安全與治理要求	開源授權	低電量消耗	B	CE 標示產品符合歐盟法規標準。	2	"[""CE"", ""合規""]"
L11102-Q027	L11	L11102	AI治理概念	差分隱私 (Differential Privacy) 主要透過加入 ______ 來保護個資。	隨機雜訊	壓縮算法	加速指令	高斯模糊影像	A	加入噪聲保護單筆資料不可識別。	2	"[""Differential Privacy""]"
L11102-Q028	L11	L11102	AI治理概念	如果模型出現『概念漂移 (Concept Drift)』，最需要的治理動作為？	關閉 WiFi	增加散熱片	改變字體	重新訓練或調整模型	D	漂移導致表現下降需模型更新。	2	"[""概念漂移""]"
L11102-Q029	L11	L11102	AI治理概念	AI 倫理原則中的『正義 (Justice)』常被量化為 ______ 指標。	記憶體耗用	FLOPS	均衡錯誤率 (Equalized Error Rate)	螢幕刷新率	C	錯誤率均衡檢測不同群體是否公平。	2	"[""正義"", ""公平""]"
L11102-Q030	L11	L11102	AI治理概念	使用 LIME 解釋模型時，LIME 的主要策略是？	隨機森林	全域梯度分析	訓練新模型	局部線性近似	D	LIME 對單一樣本周邊建立近似線性模型。	2	"[""LIME""]"
L11102-Q031	L11	L11102	AI治理概念	下列哪一項與 AI 治理中『冗餘機制 (Redundancy)』概念最符合？	刪除備援伺服器	多模型投票降低單點失效	關閉 GPU	減少日誌	B	Redundancy 透過多樣方法增加可靠性。	2	"[""冗餘"", ""可靠性""]"
L11102-Q032	L11	L11102	AI治理概念	『模型卡 (Model Card)』主要用來？	提供模型用途、限制與評估資訊	展示 GPU 溫度	生成 QR Code	設定按鈕樣式	A	Model Card 提升透明度與負責任使用。	2	"[""Model Card""]"
L11102-Q033	L11	L11102	AI治理概念	矯正 AI 偏見常用的後處理技術包括？	隨機初始化	批次正規化	閾值調整 (Thresholding)	梯度裁剪	C	閾值調整可平衡敏感群體指標。	2	"[""偏見"", ""後處理""]"
L11102-Q034	L11	L11102	AI治理概念	『Shadow Model』在 AI 審計中的角色是？	生成影子圖像	增加推論速度	仿真生產模型行為以檢測洩漏	加密權重	C	用於 Membership Inference 等隱私評估。	2	"[""Shadow Model""]"
L11102-Q035	L11	L11102	AI治理概念	若 AI 系統涉及自動拒貸，根據 EU GDPR，使用者擁有要求 ______ 的權利。	退款保證	人工干預與解釋	免費硬體升級	隨時關閉銀行帳戶	B	GDPR Article 22 賦予人工干預權。	2	"[""拒貸"", ""GDPR""]"
L11102-Q036	L11	L11102	AI治理概念	風險導向 (Risk?Based) AI 監管框架的核心思想是？	依潛在危害程度採不同管控強度	全面禁止 AI	只監管硬體	僅要求開源	A	風險越高，要求越嚴格。	2	"[""Risk-based""]"
L11102-Q037	L11	L11102	AI治理概念	在 AI 資安 (Security) 管控中，對抗攻擊 (Adversarial Attack) 防護技術之一是？	關閉日誌	增大 learning rate	對抗訓練 (Adversarial Training)	做資料壓縮	C	加入對抗樣本訓練增強魯棒性。	2	"[""Security"", ""Adversarial""]"
L11102-Q038	L11	L11102	AI治理概念	哈佛『道德機器人 (Moral Machine)』實驗主要探討 AI 的 ______ 議題。	資料壓縮	GPU 效率	UI 設計	道德抉擇與社會偏好	D	透過模擬駕車情境蒐集道德偏好。	2	"[""道德機器""]"
L11102-Q039	L11	L11102	AI治理概念	以下何者是 MIT Media Lab 提出的數位信任提升工具？	Ping 測試	Cache ?存	Overclock 工具	Fact Checking 系統	D	事實查核減少假訊息增進信任。	2	"[""信任"", ""Fact Check""]"
L11102-Q040	L11	L11102	AI治理概念	XAI 在醫療影像診斷的應用主要目的為？	減少醫院床位	提高影片幀率	讓醫師理解模型依據以輔助決策	降低影印成本	C	醫師需信任與理解 AI 建議。	2	"[""醫療"", ""XAI""]"
L11102-Q041	L11	L11102	AI治理概念	AI 治理中常用 RACI 矩陣來定義？	顏色配置	雲端費用計價	角色與責任分工	資料壓縮	C	"Responsible, Accountable, Consulted, Informed。"	2	"[""RACI""]"
L11102-Q042	L11	L11102	AI治理概念	『可撤回性 (Revocability)』原則允許？	使用者要求停止 AI 處理個資	即時顯示 FPS	線上升級硬體	隨機增量學習	A	使用者可撤回同意。	2	"[""Revocability""]"
L11102-Q043	L11	L11102	AI治理概念	在 AI 生命週期管理中，『ML?Ops』結合了 ML 與 ______ 的最佳實踐。	DevOps	HR	Payroll	CRM	A	ML?Ops 支援自動化部署與監控。	2	"[""MLOps""]"
L11102-Q044	L11	L11102	AI治理概念	模型部署後持續監控指標不包括？	數據漂移	使用者螢幕亮度	性能延遲	錯誤率	B	螢幕亮度非模型指標。	2	"[""監控""]"
L11102-Q045	L11	L11102	AI治理概念	使用『隱私沙盒 (Privacy Sandbox)』技術可在不揭露 ______ 的情況下提供廣告定向。	字型大小	螢幕解析度	品牌 logo	個人識別資訊	D	Privacy Sandbox 提倡分群匿名。	2	"[""Privacy Sandbox""]"
L11102-Q046	L11	L11102	AI治理概念	欲驗證高風險 AI 系統符合 EU AI Act，開發者需提交『技術文件 (Technical Documentation)』，其中不包括？	性能測試結果	模型版本歷史	資料治理程序	個人員工薪資	D	薪資資訊非技術文件要求。	3	"[""EU AI Act"", ""文件""]"
L11102-Q047	L11	L11102	AI治理概念	『可解釋 AI』與『正確性』之間的潛在衝突通常稱作 ______ 難題。	費曼難題	性能?解釋平衡 (Accuracy?Interpretability Trade?off)	雙重支出	旅行推銷員	B	提高解釋性可能犧牲性能。	3	"[""Tradeoff""]"
L11102-Q048	L11	L11102	AI治理概念	若要量化模型對少數族群的不公平，『平均預測差異 (Average Prediction Difference)』屬於哪種公平指標？	過度正規化	個體公平	群體一致性	統計差異型 (Statistical Parity)	D	屬統計比較群體平均預測差異。	3	"[""Fairness"", ""Statistical""]"
L11102-Q049	L11	L11102	AI治理概念	對抗樣本進行投毒 (Data Poisoning) 會在何階段注入惡意樣本？	瀏覽器快取	推論階段	前端介面渲染	訓練資料收集或訓練階段	D	投毒目標是影響模型學習。	3	"[""Security"", ""Poisoning""]"
L11102-Q050	L11	L11102	AI治理概念	『Model Provenance』在治理語境中意指？	模型語言	模型來源及演變追蹤	數據備份	螢幕刷新率	B	確保模型版本與來源可溯源。	3	"[""Provenance""]"
L11102-Q051	L11	L11102	AI治理概念	AI 治理流程若採用『Hazard Analysis and Risk?Based Control (HARPC)』類似思維，其主要步驟不包含？	隨機關閉模型	識別危害	制定控制措施	監控並驗證	A	隨機關閉模型非 HARPC 步驟。	3	"[""HARPC"", ""Risk""]"
L11102-Q052	L11	L11102	AI治理概念	若機器學習系統使用外部開源模型，應用『SBOM (Software Bill of Materials)』可 ______。	降低 GPU 功耗	加快推論速度	列出組件與依賴以利安全審計	增加頁面互動	C	SBOM 有助識別漏洞。	3	"[""SBOM"", ""Supply Chain""]"
L11102-Q053	L11	L11102	AI治理概念	設計 AI 治理 KPI 時，『時間到偵測 (Time?to?Detect)』計量旨在評估？	RAM 使用率	模型推論秒數	網路延遲	從問題發生到被發現所需時間	D	TtD 越短治理越佳。	3	"[""KPI"", ""監控""]"
L11102-Q054	L11	L11102	AI治理概念	『Ethics?as?Code』概念建議將倫理原則 ______。	僅寫在手冊	以程式邏輯形式化並自動執行	交由 HR 管理	忽略	B	將倫理內嵌至程式確保一致。	3	"[""Ethics-as-code""]"
L11102-Q055	L11	L11102	AI治理概念	在多方安全計算 (MPC) 中，主要透過 ______ 使多方可協同訓練但不洩漏資料。	公用雲端儲存	密碼學協定分割機密	壓縮檔案	UI 設計	B	MPC 透過 secret sharing 保護資料。	3	"[""MPC"", ""Privacy""]"
L11102-Q056	L11	L11102	AI治理概念	可擴充負責任 AI 模型治理流程常採用哪些 DevSecOps 實踐？	關閉 CI/CD	人工複製檔案	自動化安全測試與持續監控	停用版本控制	C	DevSecOps 將安全內嵌開發流程。	3	"[""DevSecOps""]"
L11102-Q057	L11	L11102	AI治理概念	面對大型語言模型的『幻覺 (Hallucination)』問題，治理上推薦？	設置事實檢查與引用驗證機制	增加隨機采樣溫度	關閉注意力機制	減少參數	A	事實檢查可減少不實內容。	3	"[""Hallucination"", ""Governance""]"
L11102-Q058	L11	L11102	AI治理概念	AI 系統的『Red Teaming』測試主要目的是？	加快推論	模擬攻擊找出弱點	美化 UI	降低解析度	B	類似滲透測試，找出系統漏洞。	3	"[""Red Team"", ""Security""]"
L11102-Q059	L11	L11102	AI治理概念	在 AI 治理中使用『Formal Methods』可？	減少網路封包	提高螢幕亮度	以數學證明系統性質正確	壓縮圖片	C	形式驗證保障安全性。	3	"[""Formal Methods""]"
L11102-Q060	L11	L11102	AI治理概念	『Impact Assessment』報告需包含對 ______ 的潛在影響分析。	顯示器型號	GPU 製造商	汽車排氣量	個人、社會與環境	D	全面影響評估確保負責任。	3	"[""Impact Assessment""]"
L11102-Q061	L11	L11102	AI治理概念	聯邦學習 (Federated Learning) 在治理上的優勢之一是？	資料無需集中降低隱私風險	減少程式碼量	提高鍵盤反饋	增加硬碟空間	A	分散訓練保護個資。	3	"[""Federated Learning""]"
L11102-Q062	L11	L11102	AI治理概念	若 AI 系統在醫療診斷中出錯，根據『產品責任法』，責任歸屬可能落在？	掃描儀器	病患	製造/部屬方	供應鏈物流	C	製造或提供者需負產品責任。	3	"[""Liability""]"
L11102-Q063	L11	L11102	AI治理概念	『Algorithmic Impact Assessment (AIA)』流程通常不含哪一步？	利益相關者參與	隨機刪除所有資料	風險映射	緩解策略	B	刪資料並非 AIA 步驟。	3	"[""AIA""]"
L11102-Q064	L11	L11102	AI治理概念	利用『水印 (Watermark)』技術於生成影像，可幫助？	提高解析度	追溯來源與驗證真偽	減少噪聲	修改顏色	B	水印支持治理與版權。	3	"[""Watermark""]"
L11102-Q065	L11	L11102	AI治理概念	跨境資料傳輸治理常需符合哪一項國際機制？	MAC 位址	標準契約條款 (SCC)	DNS 協議	SMTP	B	SCC 規定跨境資料傳輸保護。	3	"[""跨境"", ""SCC""]"
L11102-Q066	L11	L11102	AI治理概念	若模型使用受著作權保護的資料，治理上應考量？	降低學習率	增加 GPU 數	授權與版權合規	隨機初始化	C	需確保合法使用。	3	"[""IP"", ""Governance""]"
L11102-Q067	L11	L11102	AI治理概念	『Continuous Compliance』在 AI 治理表示？	只在開發階段檢查	年度一次審計即可	持續自動監測保證符合法規	關閉監控	C	自動化監控確保長期合規。	3	"[""Compliance""]"
L12101-Q001	L12	L12101	No Code / Low Code的基本概念	No Code 平台的最大特色是？	僅命令列介面	強制編譯 C 程式	拖放式視覺化開發	僅限本機部署	C	選項「拖放式視覺化開發」最符合題意，因此正確。	1	"[""LCNC"", ""NoC""]"
L12101-Q002	L12	L12101	No Code / Low Code的基本概念	Low Code 與傳統全程式開發相比，可帶來？	更短的開發週期	更高的指令集覆蓋	更低的 UI 互動性	必須寫組語	A	選項「更短的開發週期」最符合題意，因此正確。	1	"[""LCNC"", ""Low""]"
L12101-Q003	L12	L12101	No Code / Low Code的基本概念	以下哪一個屬於 No Code 網站建置工具？	gcc	Makefile	vi	Wix	D	選項「Wix」最符合題意，因此正確。	1	"[""LCNC"", ""以下哪""]"
L12101-Q004	L12	L12101	No Code / Low Code的基本概念	RPA (Robotic Process Automation) 主要用途？	聲音編碼	訓練深度神經網路	高頻硬體渲染	自動執行重複性業務流程	D	選項「自動執行重複性業務流程」最符合題意，因此正確。	1	"[""LCNC"", ""RPA""]"
L12101-Q005	L12	L12101	No Code / Low Code的基本概念	Citizen Developer 這個術語指？	非 IT 部門的業務開發者	政府軟體工程師	核心韌體維護者	網路設備管理員	A	選項「非 IT 部門的業務開發者」最符合題意，因此正確。	1	"[""LCNC"", ""Cit""]"
L12101-Q006	L12	L12101	No Code / Low Code的基本概念	No Code 價格模式最常見？	代幣挖礦付費	一次性盒裝授權	SaaS 訂閱制	硬體租賃	C	選項「SaaS 訂閱制」最符合題意，因此正確。	1	"[""LCNC"", ""NoC""]"
L12101-Q007	L12	L12101	No Code / Low Code的基本概念	Workflow 編排通常以什麼圖形呈現？	ASCII 藝術	B 樹	節點/箭頭流程圖	PCIe 拓撲圖	C	選項「節點/箭頭流程圖」最符合題意，因此正確。	1	"[""LCNC"", ""Wor""]"
L12101-Q008	L12	L12101	No Code / Low Code的基本概念	Schema?less NoSQL 資料庫在 PoC 階段的優勢？	強制 ACID 交易	不需事先定義欄位結構	完整 SQL2003 規格	支援 UEFI	B	選項「不需事先定義欄位結構」最符合題意，因此正確。	1	"[""LCNC"", ""Sch""]"
L12101-Q009	L12	L12101	No Code / Low Code的基本概念	在 No Code 平台中版本控制常透過？	自動快照/還原	手動 git rebase	diff 二進位	TFTP	A	選項「自動快照/還原」最符合題意，因此正確。	1	"[""LCNC"", ""在No""]"
L12101-Q010	L12	L12101	No Code / Low Code的基本概念	Serverless 與 No Code 結合可？	增加螢幕亮度	提升 8K 即時編碼	免維運後端且依用量計費	減低 DPI	C	選項「免維運後端且依用量計費」最符合題意，因此正確。	1	"[""LCNC"", ""Ser""]"
L12101-Q011	L12	L12101	No Code / Low Code的基本概念	哪一項屬於流程自動化 No Code 平台？	tmux	Photoshop	Zapier	ffmpeg	C	選項「Zapier」最符合題意，因此正確。	1	"[""LCNC"", ""哪一項""]"
L12101-Q012	L12	L12101	No Code / Low Code的基本概念	視覺化表單驗證常使用？	EEPROM 與 I2C	BIOS 旗標	規則/正則設定	手動 hex 編輯	C	選項「規則/正則設定」最符合題意，因此正確。	1	"[""LCNC"", ""視覺化""]"
L12101-Q013	L12	L12101	No Code / Low Code的基本概念	IFTTT 的運作模式為？	批次輪詢寫檔	事件觸發→動作	同步阻塞輪詢	DMA 直接存取	B	選項「事件觸發→動作」最符合題意，因此正確。	1	"[""LCNC"", ""IFT""]"
L12101-Q014	L12	L12101	No Code / Low Code的基本概念	拖放式 UI 所見即所得英文字首為？	FIFO	WYSIWYG	CRUD	CI/CD	B	選項「WYSIWYG」最符合題意，因此正確。	1	"[""LCNC"", ""拖放式""]"
L12101-Q015	L12	L12101	No Code / Low Code的基本概念	Low Code 平台常以 ______ 做前端擴充語言？	8086 ASM	Pascal	VHDL	JavaScript	D	選項「JavaScript」最符合題意，因此正確。	1	"[""LCNC"", ""Low""]"
L12101-Q016	L12	L12101	No Code / Low Code的基本概念	多租戶 (Multi?tenant) SaaS 最需注意？	螢幕刷新率	資料隔離與權限分層	冷卻管路	HVAC 風速	B	選項「資料隔離與權限分層」最符合題意，因此正確。	1	"[""LCNC"", ""多租戶""]"
L12101-Q017	L12	L12101	No Code / Low Code的基本概念	No Code Dashboard 工具範例？	Google Data Studio	GIMP	Wireshark	Tcpdump	A	選項「Google Data Studio」最符合題意，因此正確。	1	"[""LCNC"", ""NoC""]"
L12101-Q018	L12	L12101	No Code / Low Code的基本概念	Workflow 條件判斷元件常以？	布林條件/表達式	UART	PWM	I2C	A	選項「布林條件/表達式」最符合題意，因此正確。	1	"[""LCNC"", ""Wor""]"
L12101-Q019	L12	L12101	No Code / Low Code的基本概念	拖放式 AppGyver 主要用於？	跨平台行動 App	BIOS 編輯	NAS 韌體	VPN 伺服器	A	選項「跨平台行動 App」最符合題意，因此正確。	1	"[""LCNC"", ""拖放式""]"
L12101-Q020	L12	L12101	No Code / Low Code的基本概念	RPA 機器人帳號應該設定？	最小必要權限	Domain Admin	匿名 guest	Root 免密碼	A	選項「最小必要權限」最符合題意，因此正確。	1	"[""LCNC"", ""RPA""]"
L12101-Q021	L12	L12101	No Code / Low Code的基本概念	No Code 工具的 Marketplace 通常提供？	GPU 風扇	CPU 微碼	螢幕插座	預製模板與外掛	D	選項「預製模板與外掛」最符合題意，因此正確。	1	"[""LCNC"", ""NoC""]"
L12101-Q022	L12	L12101	No Code / Low Code的基本概念	導出原始碼 (Export Code) 功能可？	提升 HDR 對比	關閉 SSL	降低供應商鎖定	降低網速	C	選項「降低供應商鎖定」最符合題意，因此正確。	1	"[""LCNC"", ""導出原""]"
L12101-Q023	L12	L12101	No Code / Low Code的基本概念	Low Code Model?Driven 設計的核心？	以資料/元模型驅動 UI 與邏輯	以電壓驅動時脈	以 BIOS 旗標驅動	以色彩曲線驅動	A	選項「以資料/元模型驅動 UI 與邏輯」最符合題意，因此正確。	2	"[""LCNC"", ""Low""]"
L12101-Q024	L12	L12101	No Code / Low Code的基本概念	AutoML 服務在 LCNC 中可自動完成？	特徵工程及模型超參選擇	BIOS 超頻	聲音抗噪	Vsync 鎖定	A	選項「特徵工程及模型超參選擇」最符合題意，因此正確。	2	"[""LCNC"", ""Aut""]"
L12101-Q025	L12	L12101	No Code / Low Code的基本概念	Parallel Gateway 在 Workflow 中代表？	GPU 帶寬配置	強制單線程	併發執行多條路徑	HDMI 分路	C	選項「併發執行多條路徑」最符合題意，因此正確。	2	"[""LCNC"", ""Par""]"
L12101-Q026	L12	L12101	No Code / Low Code的基本概念	Template Governance 目的？	關閉 DHCP	控制螢幕 Gamma	審核/控管模板品質	調整 PWM	C	選項「審核/控管模板品質」最符合題意，因此正確。	2	"[""LCNC"", ""Tem""]"
L12101-Q027	L12	L12101	No Code / Low Code的基本概念	Shadow IT 在 LCNC 領域的成因？	PSU 超載	UPS 電量不足	業務可自行上雲開發	FPS 無限	C	選項「業務可自行上雲開發」最符合題意，因此正確。	2	"[""LCNC"", ""Sha""]"
L12101-Q028	L12	L12101	No Code / Low Code的基本概念	避免 Vendor Lock?in 的技術做法？	支援導出標準原碼或 REST API	僅支援私有 CLI	移除 SDK	限制 JSON	A	選項「支援導出標準原碼或 REST API」最符合題意，因此正確。	2	"[""LCNC"", ""避免V""]"
L12101-Q029	L12	L12101	No Code / Low Code的基本概念	安全沙箱對於插件的重要性？	增加電壓	提升解析度	降低扇噪	隔離執行避免越權	D	選項「隔離執行避免越權」最符合題意，因此正確。	2	"[""LCNC"", ""安全沙""]"
L12101-Q030	L12	L12101	No Code / Low Code的基本概念	事件驅動 Workflow 比輪詢效率高原因？	無需固定間隔檢查	增加 PWM	CPU Duty 降	I/O Wait 增	A	選項「無需固定間隔檢查」最符合題意，因此正確。	2	"[""LCNC"", ""事件驅""]"
L12101-Q031	L12	L12101	No Code / Low Code的基本概念	iPaaS 在 No Code 架構中的角色？	色彩校正	GPU 串流	連接/整合異質系統	磁碟重格式化	C	選項「連接/整合異質系統」最符合題意，因此正確。	2	"[""LCNC"", ""iPa""]"
L12101-Q032	L12	L12101	No Code / Low Code的基本概念	RPA 錄製流程易失效主因？	NTFS ACL	UI 元素定位改變	FSB 降低	螢幕 PPI 變動	B	選項「UI 元素定位改變」最符合題意，因此正確。	2	"[""LCNC"", ""RPA""]"
L12101-Q033	L12	L12101	No Code / Low Code的基本概念	Data Lineage 對治理的幫助？	增強音量	可追蹤資料來源及流向	減少 Frame Drop	固定背光	B	選項「可追蹤資料來源及流向」最符合題意，因此正確。	2	"[""LCNC"", ""Dat""]"
L12101-Q034	L12	L12101	No Code / Low Code的基本概念	Design?to?Code 流程首要步驟？	跑 MemTest	重開機	刷新 CMOS	解析設計稿為元件	D	選項「解析設計稿為元件」最符合題意，因此正確。	2	"[""LCNC"", ""Des""]"
L12101-Q035	L12	L12101	No Code / Low Code的基本概念	LCNC 微服務化後的挑戰？	跨服務依賴與版本管理	PWM 變頻	GPU 翻倍	LCD 漏光	A	選項「跨服務依賴與版本管理」最符合題意，因此正確。	2	"[""LCNC"", ""LCN""]"
L12101-Q036	L12	L12101	No Code / Low Code的基本概念	多環境部署 (Dev/QA/Prod) 通常透過？	光碟片	FTP 手動複製	U 盤安裝	一鍵推送/管線	D	選項「一鍵推送/管線」最符合題意，因此正確。	2	"[""LCNC"", ""多環境""]"
L12101-Q037	L12	L12101	No Code / Low Code的基本概念	DataOps 在 LCNC 需關注？	PCIe Lane	ISO 檔校驗	UART 波特率	資料版本/血統追蹤	D	選項「資料版本/血統追蹤」最符合題意，因此正確。	2	"[""LCNC"", ""Dat""]"
L12101-Q038	L12	L12101	No Code / Low Code的基本概念	Serverless 冷啟延遲對 No Code 流程影響？	PWM 抑制	提升 HDMI HDR	第一次呼叫變慢	DNS Flush	C	選項「第一次呼叫變慢」最符合題意，因此正確。	2	"[""LCNC"", ""Ser""]"
L12101-Q039	L12	L12101	No Code / Low Code的基本概念	Plugin SDK 最重要文件？	介面/事件生命週期	JTAG 指令表	USB 描述符	PCI Bridge	A	選項「介面/事件生命週期」最符合題意，因此正確。	2	"[""LCNC"", ""Plu""]"
L12101-Q040	L12	L12101	No Code / Low Code的基本概念	多租戶 SaaS 資料隔離可用？	單一 DB 共用 Table	Row?Level Security	共享帳號	明文日誌	B	選項「Row?Level Security」最符合題意，因此正確。	2	"[""LCNC"", ""多租戶""]"
L12101-Q041	L12	L12101	No Code / Low Code的基本概念	治理 Dashboard 常見 KPI？	HDR 洩漏率	GPU 越界率	PWM 死區	變更審核通過率	D	選項「變更審核通過率」最符合題意，因此正確。	2	"[""LCNC"", ""治理D""]"
L12101-Q042	L12	L12101	No Code / Low Code的基本概念	自動資料驗證常見方式？	手寫匯編	視覺規則編輯器	Core Dump 分析	JTAG 掃描	B	選項「視覺規則編輯器」最符合題意，因此正確。	2	"[""LCNC"", ""自動資""]"
L12101-Q043	L12	L12101	No Code / Low Code的基本概念	事件佇列順序不一致會導致？	Gamma 失衡	HDCP 停止	增色帶	流程非預期結果	D	選項「流程非預期結果」最符合題意，因此正確。	2	"[""LCNC"", ""事件佇""]"
L12101-Q044	L12	L12101	No Code / Low Code的基本概念	Policy as Code 在 LCNC 的優點？	增加背光 PWM	降低電壓	提升顯示解析度	程式化統一規則	D	選項「程式化統一規則」最符合題意，因此正確。	2	"[""LCNC"", ""Pol""]"
L12101-Q045	L12	L12101	No Code / Low Code的基本概念	Low Code DevOps GUI 編排缺點？	電源紋波增加	可程式彈性較低	PSNR 降低	Vsync 模糊	B	選項「可程式彈性較低」最符合題意，因此正確。	2	"[""LCNC"", ""Low""]"
L12101-Q046	L12	L12101	No Code / Low Code的基本概念	Low Code DSL 存在的最大價值？	提升光亮度	加快記憶體存取	以業務語意抽象減少程式碼	增加 CPU Cycle	C	選項「以業務語意抽象減少程式碼」最符合題意，因此正確。	3	"[""LCNC"", ""Low""]"
L12101-Q047	L12	L12101	No Code / Low Code的基本概念	Workflow 版本衝突常見解法？	強制覆蓋	Branch 合併審查	二進位 patch	重灌 OS	B	選項「Branch 合併審查」最符合題意，因此正確。	3	"[""LCNC"", ""Wor""]"
L12101-Q048	L12	L12101	No Code / Low Code的基本概念	Serverless 部署 LCNC 時最需關注？	執行 Timeout 與記憶體限制	色彩飽和度	機殼噪音	MAC 地址	A	選項「執行 Timeout 與記憶體限制」最符合題意，因此正確。	3	"[""LCNC"", ""Ser""]"
L12101-Q049	L12	L12101	No Code / Low Code的基本概念	跨雲部署 LCNC 面臨的挑戰？	SD 卡速度	PSU 容量	IR 信號	不同雲 API/服務差異	D	選項「不同雲 API/服務差異」最符合題意，因此正確。	3	"[""LCNC"", ""跨雲部""]"
L12101-Q050	L12	L12101	No Code / Low Code的基本概念	事件佇列觸發流程需注意？	色溫校準	訊息順序保持與重播策略	Gamma 曲線	USB 3.1 模式	B	選項「訊息順序保持與重播策略」最符合題意，因此正確。	3	"[""LCNC"", ""事件佇""]"
L12101-Q051	L12	L12101	No Code / Low Code的基本概念	Low Code 容器化 DevSecOps 重點？	超頻電壓	映像掃描與最小權限	降低 Vsync	提升 PPI	B	選項「映像掃描與最小權限」最符合題意，因此正確。	3	"[""LCNC"", ""Low""]"
L12101-Q052	L12	L12101	No Code / Low Code的基本概念	Data Fabric 結合 LCNC 的價值？	統一資料存取層與治理	提升 PWM 頻率	增加散熱面積	擴大色域	A	選項「統一資料存取層與治理」最符合題意，因此正確。	3	"[""LCNC"", ""Dat""]"
L12101-Q053	L12	L12101	No Code / Low Code的基本概念	Meta?Model Repository 能解決？	HDR 太高	BIOS 版本	PSNR 翻倍	多專案元資料版本一致	D	選項「多專案元資料版本一致」最符合題意，因此正確。	3	"[""LCNC"", ""Met""]"
L12101-Q054	L12	L12101	No Code / Low Code的基本概念	報表快速產生在大規模資料下瓶頸？	風扇噪音	查詢延遲與客戶端渲染	PWM 光暈	CR2032 電量	B	選項「查詢延遲與客戶端渲染」最符合題意，因此正確。	3	"[""LCNC"", ""報表快""]"
L12101-Q055	L12	L12101	No Code / Low Code的基本概念	GitOps 與 GUI Pipeline 的主要差異？	亮度調整	審核/回滾與程式化	PWM 過載	VGA 模式	B	選項「審核/回滾與程式化」最符合題意，因此正確。	3	"[""LCNC"", ""Git""]"
L12101-Q056	L12	L12101	No Code / Low Code的基本概念	LCNC SRE 監控核心指標是？	Gamma	PSNR	可用性 (Availability)、錯誤率	TPS	C	選項「可用性 (Availability)、錯誤率」最符合題意，因此正確。	3	"[""LCNC"", ""LCN""]"
L12101-Q057	L12	L12101	No Code / Low Code的基本概念	低代碼微服務拆分難點？	PWM ?值	跨服務事務與依賴管理	GPU 驅動	HDMI 速率	B	選項「跨服務事務與依賴管理」最符合題意，因此正確。	3	"[""LCNC"", ""低代碼""]"
L12101-Q058	L12	L12101	No Code / Low Code的基本概念	Design?to?Code 規格不一致將造成？	風扇 RPM	產出 UI 與設計落差	PWM 抖動	USB Hot?plug	B	選項「產出 UI 與設計落差」最符合題意，因此正確。	3	"[""LCNC"", ""Des""]"
L12101-Q059	L12	L12101	No Code / Low Code的基本概念	Policy as Code 落地 LCNC 的挑戰？	Vcore 上升	顯示器閃爍	PWM Leakage	缺乏可程式介面/鉤子	D	選項「缺乏可程式介面/鉤子」最符合題意，因此正確。	3	"[""LCNC"", ""Pol""]"
L12101-Q060	L12	L12101	No Code / Low Code的基本概念	Container 化帶來成本？	額外運行時與映像管理	電容老化	Fans Keep Alive	Luma Upscale	A	選項「額外運行時與映像管理」最符合題意，因此正確。	3	"[""LCNC"", ""Con""]"
L12101-Q061	L12	L12101	No Code / Low Code的基本概念	Workflow Orchestration 與 Choreography 治理差異？	IPS vs VA	MIPI vs LVDS	集中 vs 去中心	SATA vs NVMe	C	選項「集中 vs 去中心」最符合題意，因此正確。	3	"[""LCNC"", ""Wor""]"
L12101-Q062	L12	L12101	No Code / Low Code的基本概念	DRY 原則在視覺化開發中難以落實因？	色域限制	PWM 漂移	元件複製容易重複邏輯	PSU Inductor	C	選項「元件複製容易重複邏輯」最符合題意，因此正確。	3	"[""LCNC"", ""DRY""]"
L12101-Q063	L12	L12101	No Code / Low Code的基本概念	No Code 報表在巨量資料時需？	分頁查詢/Async Loading	增加亮度	升級 BIOS	改水冷	A	選項「分頁查詢/Async Loading」最符合題意，因此正確。	3	"[""LCNC"", ""NoC""]"
L12101-Q064	L12	L12101	No Code / Low Code的基本概念	Serverless 冷啟優化策略？	DDR5 升級	換導熱膏	PWM 高頻	預熱保持容器活動	D	選項「預熱保持容器活動」最符合題意，因此正確。	3	"[""LCNC"", ""Ser""]"
L12101-Q065	L12	L12101	No Code / Low Code的基本概念	多租戶資料隔離可透過？	IP 白名單	資料庫 Row?Level Security	PWM	SSD Trim	B	選項「資料庫 Row?Level Security」最符合題意，因此正確。	3	"[""LCNC"", ""多租戶""]"
L12101-Q066	L12	L12101	No Code / Low Code的基本概念	DataOps 血統追蹤可避免？	散熱不足	色溫偏移	數據來源不明/錯用	Vsync Tearing	C	選項「數據來源不明/錯用」最符合題意，因此正確。	3	"[""LCNC"", ""Dat""]"
L12101-Q067	L12	L12101	No Code / Low Code的基本概念	Integration Flow 延遲瓶頸常出現在？	LCD 反應	GPU 核心	PWM 陰影	串行連接器呼叫 (Connector)	D	選項「串行連接器呼叫 (Connector)」最符合題意，因此正確。	3	"[""LCNC"", ""Int""]"
